id,sku,product_name,brand_name,model_number,product_designation,is_active,gross_weight_kg,pkg_length_cm,pkg_width_cm,pkg_height_cm,ships_on_pallet,net_weight_kg,prod_length_cm,prod_width_cm,prod_height_cm,feed_mechanism,stitch_type,emb_needle_count,emb_head_count,max_speed_spm,motor_type,voltage,part_system_code,tip_type,compatible_models,source_url,manual_URL,createdAt,updatedAt
1,MSM-00001,Janome 2212 LE Sewing Machine,Janome,Home Sewing Machine,Home Sewing Machine,1,7.5,43,23,34,0,5.9,38.6,18.3,29.5,Drop Feed,Lockstitch (301),1,1,860,AC Motor,110-120V,2212LE,130/705 H,"[""Needle System: 130/705 H"",""Bobbin: Class 15"",""Presser Foot: Low Shank""]",https://mysewingmall.com/products/janome-2212-le-sewing-machine,https://www.janome.com/wp-content/uploads/2024/09/inst-book_-2212en_sp_fr.pdf,2025-12-21T16:34:21.849Z,2025-12-21T16:34:21.849Z
2,MSM-0002,Janome Rose 12 Sewing Machine,Janome,Home Sewing Machine,Home Sewing Machine,1,8,45,25,35,0,6.5,40,18,30,Drop Feed,301 Lockstitch,1,1,800,Servo Motor,110-120V,MSM0002,130/705 H,"[""Needle System: 130/705H"",""Bobbin Type: Class 15"",""Presser Foot: Low Shank Snap-On""]",https://mysewingmall.com/products/janome-rose-12-sewing-machine,https://www.janome.com/wp-content/uploads/2024/09/inst-book-2222.pdf,2025-12-21T16:37:01.556Z,2025-12-21T17:46:09.785Z
3,MSM-0003,Janome 393PD Sewing Machine,Janome,Home Sewing Machine,Home Sewing Machine,1,9.5,50,25,38,0,8,42,17,30,Drop Feed,Lockstitch,1,1,860,AC Motor (Internal),110-120V,393PD,130/705 H,"[""Needle System: 130/705 H"",""Bobbin: Janome Class 15 (J Type)"",""Presser Foot: Low Shank Snap-On""]",https://mysewingmall.com/products/janome-393pd-sewing-machine,https://www.janome.com/wp-content/uploads/2024/09/inst-book-l-392-l-393-ensp.pdf,2025-12-21T16:38:22.743Z,2025-12-21T17:46:10.969Z
4,MSM-0004,Janome HD3400 Sewing Machine,Janome,Home Sewing Machine,Home Sewing Machine,1,10,50,28,39,0,8.5,40,18,29,Drop Feed,Lockstitch (301),1,1,860,AC Motor (Internal),110-120V,HD3400,130/705 H,[],https://mysewingmall.com/products/janome-hd3400-sewing-machine,https://www.janome.com/wp-content/uploads/2024/09/inst-book-hd-3000-auto-declutch-bobbin-winder.pdf,2025-12-21T16:39:42.965Z,2025-12-21T17:46:12.191Z
5,MSM-1526,JANOME RE1312 Sewing Machine,Janome,Home Sewing Machine,Home Sewing Machine,1,7.2,44,23,35,0,6,40,15,30,Drop Feed,Lockstitch,1,1,860,AC Motor,220-240V,RE1312,130/705 H,"[""Needle System: 130/705 H"",""Bobbin Type: Janome Class J / Class 15"",""Presser Foot: Low Shank Snap-On""]",https://mysewingmall.com/products/janome-re1312-sewing-machine,https://www.janome.com/wp-content/uploads/2024/09/inst-book-41012.pdf,2025-12-21T17:32:12.848Z,2025-12-21T17:46:13.406Z
6,MSM-1561,Janome 2212 Sewing Machine,Janome,Home Sewing Machine,Home Sewing Machine,1,7.5,45,25,35,0,5.9,38.6,14.7,29.5,Drop Feed,Lockstitch,0,0,860,Internal DC Motor,110-120V,2212,130/705 H,"[""Needle System: 130/705 H"",""Bobbin Type: Class 15"",""Foot Type: Janome Low Shank Snap-On""]",https://mysewingmall.com/products/janome-2212-sewing-machine,https://www.janome.com/wp-content/uploads/2024/09/inst-book_-2212en_sp_fr.pdf,2025-12-21T17:33:49.383Z,2025-12-21T17:47:03.707Z
7,MSM-1796,"JUKI DDL-8100E 1-Needle, Lockstitch Sewing Machine Complete Set",Juki,Industrial Sewing Machine,Industrial Sewing Machine,1,75,122,107,65,0,28,48,18,36,Drop Feed,Lockstitch,1,1,4500,Servo Motor,110V,DDL8100E,130/705 H,"[""Needle System: DBx1"",""Bobbin: Style L"",""Presser Foot: High Shank""]",https://mysewingmall.com/products/juki-ddl-8100e-1-needle-lockstitch-sewing-machine-complete-set,https://www.juki.co.jp/industrial_e/admin/pdata/filedata/453/DDL8100e_2P_202206_E_Low.pdf,2025-12-21T17:37:48.605Z,2025-12-21T17:46:20.311Z
8,MSM-1528,Janome 392 - 24 Stitches Sewing Machine Heavy Duty,Janome,Home Sewing Machine,Home Sewing Machine,1,10,48,25,35,0,8.5,42,17,30,Drop Feed,Lockstitch,,,860,AC Motor (Internal),220-240V,392,130/705 H,"[""Needle System: 130/705 H"",""Bobbin Type: Class 15"",""Foot Type: Low Shank""]",https://mysewingmall.com/products/janome-392-22-stitches-sewing-machine-heavy-duty,https://www.janome.com/wp-content/uploads/2024/09/inst-book-l-392-l-393-ensp.pdf,2025-12-21T17:39:24.390Z,2025-12-21T17:46:22.686Z
9,MSM-1469,Janome DKS100 Computerized Sewing & Quilting Machine Heavy Duty,Janome,Home Sewing Machine,Home Sewing Machine,1,9.5,50,28,40,0,7.2,40.6,17.5,30.2,Drop Feed,Lockstitch,,,820,DC Servo Motor,110-120V,DKS100,130/705 H,"[""Needle System: 130/705H"",""Bobbin Type: Janome J"",""Foot Type: Janome Snap-On (7mm)""]",https://mysewingmall.com/products/janome-dks100-computerized-sewing-quilting-machine-heavy-duty,https://www.janome.com/wp-content/uploads/2016/10/81200dc_en-mod-200-instr-manual.pdf,2025-12-21T17:42:00.048Z,2025-12-21T17:46:24.447Z
10,MSM-1468,JANOME 7034D Magnolia 3 4 Thread Overlock Machine,Janome,Home Sewing Machine,Home Sewing Machine,1,8.2,39.4,34.3,34.3,0,7.9,28,32,28,Differential Feed,Overlock,0,0,1300,Electronic,110-120V,7034D,130/705 H,"[""Needle System: 130/705 H"",""Presser Foot System: Janome Overlocker Snap-On"",""Looper Thread: Standard Serger Cone Thread""]",https://mysewingmall.com/products/janome-7034d-magnolia-3-4-thread-overlock-machine,https://www.janome.com/wp-content/uploads/2024/09/inst-book-7034d-english.pdf,2025-12-21T17:44:03.048Z,2025-12-21T17:46:26.488Z
11,JUKIDDL7000AINDUSTRIAL,Juki DDL 7000A Direct-Drive Single Needle Lockstitch Sewing Machine With Automatic Thread Trimmer,Juki,Industrial Sewing Machine,Industrial Sewing Machine,1,42.5,80.5,34.5,46.5,0,36,55,20,35,Bottom Feed,301 Lockstitch,,,5000,Direct-Drive Servo Motor,110V,DDL-7000A,DBx1,"[""Juki DDL-8700"",""Juki DDL-5550N"",""Brother S-7200C""]",https://mysewingmall.com/products/juki-ddl-7000a-direct-drive-single-needle-lockstitch-sewing-machine-with-automatic-thread-trimmer,https://www.juki.co.jp/industrial_j/download_j/manual_j/ddl7000a7/menu/7000a/pdf/instruction_eg.pdf,2025-12-21T17:46:22.089Z,2025-12-21T17:46:22.089Z
12,MSM-54658,Janome 2222 Sewing Machine,Janome,Home Sewing Machine,Home Sewing Machine,1,8.5,45,25,35,0,7,38.8,15.2,29.5,Drop Feed,301 Lockstitch,0,0,860,Internal AC Motor,110-120V,,,"[""Needle System: 130/705 H"",""Bobbin Type: Class 15 (Janome Type J)"",""Presser Foot: Low Shank Snap-On""]",https://mysewingmall.com/products/janome-2222-sewing-machine,https://www.janome.com/wp-content/uploads/2024/09/inst-book-2222.pdf,2025-12-21T17:48:36.558Z,2025-12-21T17:48:36.558Z
13,MSM-2548,Juki DX5 Computerized Sewing Machine,Juki,Home Sewing Machine,Home Sewing Machine,1,12.5,60,38,40,0,9.8,44.5,21,29.2,Box Feed,Lockstitch,1,1,1050,DC Servo,110-120V,DX5,,"[""Juki HZL-DX7"",""Juki HZL-DX-2000QVP"",""Juki HZL-F600""]",https://mysewingmall.com/products/juki-dx5-sewing-machine,https://www.juki.co.jp/household_en/vc-files/pdf/MANUAL/HZL/DX_Series.pdf,2025-12-21T17:51:05.061Z,2025-12-21T17:51:05.061Z
14,MSM-54824,Janome MC230E Embroidery Machine,Janome,Embroidery Machine,Embroidery Machine,1,9,45,50,40,0,6.8,30,36.5,26,Pantograph,Lockstitch,1,1,650,DC Motor,110-120V,MC230E,,"[""Janome JEF Embroidery Format"",""Needle System 130/705 H-E"",""Janome Type J Bobbins""]",https://mysewingmall.com/products/janome-mc230e-embroidery-machine,https://www.janome.ca/wp-content/uploads/2025/02/inst-manual-mc230e.pdf,2025-12-21T17:52:52.322Z,2025-12-21T17:52:52.322Z
15,MSM-54825,Juki DDL-5550N Lockstitch Sewing Machine Complete Set,Juki,Industrial Sewing Machine,Industrial Sewing Machine,1,75,125,60,55,0,60,120,55,110,Drop Feed,301 Lockstitch,,,5000,Servo Motor,110V,DDL5550N,DBx1,"[""Juki DDL-8700"",""Juki DDL-5550"",""Juki DDL-8100e""]",https://mysewingmall.com/products/juki-ddl-5550-lockstitch-sewing-machine-complete-set,https://www.juki.co.jp/industrial_j/download_j/manual_j/ddl5550n/ddl5550n/menu/pdf/instruction_5K.pdf,2025-12-21T17:59:23.826Z,2025-12-21T17:59:23.826Z
16,MSM-52202,Janome Cherry 12LE with Hard Cover,Janome,Home Sewing Machine,Home Sewing Machine,1,8,45.5,23.5,35.5,0,6,38.8,15.2,29.5,Drop Feed,Lockstitch (301),0,0,860,Internal AC/DC,220-240V,MSM52202,,"[""Needle System: 130/705H"",""Bobbin Type: Janome J Bobbin (Class 15)"",""Foot Type: Janome Snap-On Presser Feet (7mm)""]",https://mysewingmall.com/products/janome-cherry-12le-with-hard-cover,https://www.janome.com/wp-content/uploads/2024/09/inst-book-41012.pdf,2025-12-25T08:08:47.967Z,2025-12-25T08:08:47.967Z
17,JUKI-DU1181N-INDUSTRIAL,JUKI DU-1181 1-Needle Top And Bottom-Feed Lockstitch Machine Complete Set,Juki,Industrial Sewing Machine,Industrial Sewing Machine,1,85,125,60,45,0,70,120,55,110,Top and Bottom Feed,301 Lockstitch,,,2000,Servo Motor,110V,DU1181N,,"[""Needle System: DPx17"",""Bobbin Type: M-Style"",""Presser Foot System: DU-1181N Style Walking Feet""]",https://mysewingmall.com/products/juki-du-1181-1-needle-top-and-bottom-feed-lockstitch-machine-complete-set,https://www.juki.co.jp/industrial_j/download_j/manual_j/du1181n/menu/pdf/instruction_7K.pdf,2025-12-25T08:21:12.217Z,2025-12-25T08:21:12.217Z
18,MSM-0052004,Juki DDL-8700 Single Needle Lockstitch Machine Complete Set,Juki,Industrial Sewing Machine,Industrial Sewing Machine,1,70,125,60,10,0,60,120,60,110,Drop Feed,301 Lockstitch,,,5500,Servo Motor,220V,DDL8700,,"[""Needle System: DBx1"",""Bobbin Type: Style L"",""Foot Type: High Shank Presser Feet""]",https://mysewingmall.com/products/juki-ddl-8700-single-needle-lockstitch-machine-complete-set,https://www.juki.co.jp/industrial_j/download_j/manual_j/ddl8700/menu/ddl8700/pdf/instruction_eg.pdf,2025-12-25T08:23:26.677Z,2025-12-25T08:23:26.677Z
19,MSM-110071-2,Singer 20G-105C ZigZag Sewing Machine Complete Set,MY SEWING MALL ONLINE,Industrial Sewing Machine,Industrial Sewing Machine,1,75,125,60,45,0,65,120,55,110,Drop Feed,304 Zigzag Lockstitch,,,2000,Servo Motor,220-240V,20G105C,,"[""Needle System: 135x5 (DPx5)"",""High-shank presser feet"",""Bobbin: #55623""]",https://mysewingmall.com/products/singer-20g-105c-zigzag-sewing-machine-complete-set,,2025-12-27T14:57:42.893Z,2025-12-27T14:57:42.893Z
20,MSM-1846,"Juki MO-6816S-DE4-30H High-Speed, 2-Needle 5-Thread Overlock Safety Stitch Machine Complete Set",Juki,Industrial Sewing Machine,Industrial Sewing Machine,1,70,125,65,50,0,60,120,60,110,Differential Feed,5-Thread Overlock Safety Stitch,,,7000,Servo Motor,110V,MO6816SDE430H,,"[""Juki MO-6800S Series"",""Juki MO-6804S"",""Juki MO-6814S""]",https://mysewingmall.com/products/juki-mo-6816s-de4-30h-high-speed-2-needle-5-thread-overlock-safety-stitch-machine-complete-set,https://www.juki.co.jp/industrial_j/download_j/manual_j/mo6800s_d/mo6800dd10/menu/pdf/instruction_eg.pdf,2025-12-27T14:59:26.154Z,2025-12-27T14:59:26.154Z
21,JUKI-MO6804S-INDUSTRIALOVERLOCKMACHINE,JUKI MO-6804S 3-Thread Overlock Industrial Serger With Table and Clutch Motor,Juki,Industrial Sewing Machine,Industrial Sewing Machine,1,75,122,107,120,0,28,48,36,49,Differential Feed,Overlock (Stitch Class 504),,,7000,Clutch,110V,MO6804S,,"[""JUKI MO-6814S"",""JUKI MO-6816S"",""JUKI MO-6800S Series""]",https://mysewingmall.com/products/juki-mo-6804s-3-thread-overlock-industrial-serger-with-table-and-clutch-motor,https://www.juki.co.jp/industrial_j/download_j/manual_j/mo6800s.pdf,2025-12-27T15:01:24.527Z,2025-12-27T15:01:24.527Z
22,MSM-1470,Janome GD8100 Computerized Sewing Machine,Janome,Home Sewing Machine,Home Sewing Machine,1,10.2,49.3,26.1,38.2,0,8.2,41.3,18.1,30.2,Drop Feed,Lockstitch,,,820,DC Servo Motor,110-120V,,,"[""130/705 H Needle System"",""Janome Class 15J Bobbins"",""Janome Snap-on Presser Feet""]",https://mysewingmall.com/products/janome-gd8100-computerized-sewing-machine,https://www.janome.com/wp-content/uploads/2024/09/inst-book-8100.pdf,2025-12-27T15:02:45.284Z,2025-12-27T15:02:45.284Z
23,MSM-1847,"Juki MO-6814 High-Speed, 2 Needle, 4 Thread Over Lock Sewing Machine Complete Set",Juki,Industrial Sewing Machine,Industrial Sewing Machine,1,75,122,110,70,0,30,48,35,40,Differential Feed,514,,,7000,Servo Motor,110V,MSM1847,,"[""Needle System: B-27"",""Presser Foot System: Juki MO-6800 Series"",""Looper Thread: Standard Cone""]",https://mysewingmall.com/products/juki-mo-6814-high-speed-2-needle-4-thread-over-lock-sewing-machine-complete-set,https://www.juki.co.jp/industrial_j/download_j/manual_j/mo6800s.pdf,2025-12-27T15:04:38.975Z,2025-12-27T15:04:38.975Z
24,MSM-02146,Ricoma Creator Compact 10 needle embroidery machine,Ricoma,Embroidery Machine,Embroidery Machine,1,,,,,0,45,64.8,57.4,78.5,Pantograph,301 Lockstitch,10,1,1000,Servo Motor,110V/220V,EM1010,,"[""DBxK5 Needle System"",""L-Style Bobbin"",""Compatible with .DST/.DSB file formats""]",https://mysewingmall.com/products/ricoma-em-1010,https://www.ricoma.cn/upfile/news/pdf/2021-02-26/6038c4a423d1b.pdf,2025-12-27T15:06:22.157Z,2025-12-27T15:06:22.157Z
25,MSM-25483,Ricoma 1501 SWD Embroidery Machine,Ricoma,Embroidery Machine,Embroidery Machine,1,,,,,0,90,73.5,75.5,86.5,,Lockstitch,15,1,1200,Servo,110V/220V,RCM1501SWD,,"[""Needle System: DBxK5"",""Bobbin Style: L"",""Hoop System: Ricoma Standard Hoops""]",https://mysewingmall.com/products/ricoma-rcm-1501-swd-single-head-15-needle-embroidery-machine,,2025-12-27T15:08:03.111Z,2025-12-27T15:08:03.111Z
26,MSM-25485,Ricoma 1201 SWD Embroidery Machine,Ricoma,Embroidery Machine,Embroidery Machine,1,130,95,95,105,0,90,73,74,85,Pantograph,301 Lockstitch,12,1,1000,Servo Motor,110V/220V,,,"[""Needle System: DBxK5"",""Bobbin Style: L"",""Hoop System: Ricoma SWD Series""]",https://mysewingmall.com/products/ricoma-rcm-1201-swd-single-head-12-needle-embroidery-machine,,2025-12-27T15:11:39.632Z,2025-12-27T15:11:39.632Z
27,MSM-52729,Ricoma MT 1202 Embroidery Machine,Ricoma,Embroidery Machine,Embroidery Machine,1,,,,,0,160,112,81,86,Pantograph,Lockstitch,12,2,1000,Servo Motor,110V,MT1202,,"[""Ricoma MT Series Hoops"",""Needle System: DBxK5"",""Embroidery Format: .DST""]",https://mysewingmall.com/products/ricoma-rcm-mt-1202-double-head-12-needle-embroidery-machine,https://www.ricoma.de/downloads/Brochure_MT_8S.pdf,2025-12-27T15:13:10.504Z,2025-12-27T15:13:10.504Z
28,MSM-58487,Janome MC370E Embroidery Machine,Janome,Embroidery Machine,Embroidery Machine,1,12.5,57,33,41,0,10,46.5,22.6,30.5,Drop Feed,301 Lockstitch,1,1,650,DC Servo,110-120V,,,"[""Janome Memory Craft 300E"",""Janome Memory Craft 350E"",""Elna eXpressive 820""]",https://mysewingmall.com/products/janome-mc370e-embroidery-machine,,2025-12-27T15:14:42.336Z,2025-12-27T15:14:42.336Z
29,MSM-12102,Janome MC450E Embroidery Machine,Janome,Embroidery Machine,Embroidery Machine,1,12.5,33,58,42,0,10,22.3,47.5,31.6,Embroidery Hoop/Pantograph,Lockstitch,1,1,860,DC Servo Motor,110-120V,,,"[""Needle System: 130/705 H-E"",""Bobbin Type: Janome 'J' (Class 15 Plastic)"",""Hoop System: Janome SQ14b, RE20b""]",https://mysewingmall.com/products/janome-mc450e-embroidery-machine,https://www.janome.com/wp-content/uploads/2024/09/inst-book-mc500een.pdf,2025-12-27T15:16:00.201Z,2025-12-27T15:16:00.201Z
30,MSM-3645,Jack A2S Single Needle Direct Drive Lockstitch Sewing Machine Complete Set,Jack,Industrial Sewing Machine,Industrial Sewing Machine,1,75,120,80,70,0,68,120,53,105,Drop Feed,301 Lockstitch,0,0,5000,Direct Drive Servo Motor,220V,MSM3645,,"[""Juki DDL-8700 Series"",""Brother S-7000DD Series"",""Generic Single Needle High-Shank Lockstitch Machines""]",https://mysewingmall.com/products/jack-a2s-high-speed-computerized-lockstitch-machine-complete-set,,2025-12-27T15:17:35.927Z,2025-12-27T15:17:35.927Z
31,MSM-5520,Jack A5E-A Automatic Drop Feed Lockstitch Sewing Machine Complete Set,Jack,Industrial Sewing Machine,Industrial Sewing Machine,1,82,122,60,75,0,75,120,55,105,Drop Feed,301 Lockstitch,,,5000,Direct Drive Servo,220V,A5EA,,"[""Needle System: DBx1"",""Bobbin: Standard Lockstitch"",""Feet: High-Shank Industrial""]",https://mysewingmall.com/products/jack-a5e-direct-drive-lockstitch-industrial-sewing-machine-complete-set,https://jackeurope.com/download/manual-JACK-A5E-A.pdf,2025-12-27T15:19:07.459Z,2025-12-27T15:19:07.459Z
32,MSM-8894,Jack A7-D Digital Feed Computerised Single Needle Lockstitch Sewing Machine Complete Set,Jack,Industrial Sewing Machine,Industrial Sewing Machine,1,75,125,60,15,0,40,60,25,45,Digital Feed,301,1,1,5000,Direct Drive Servo,220-240V,A7D,,"[""Needle System: DBx1"",""Standard High-Shank Presser Feet"",""Standard Industrial Lockstitch Bobbins""]",https://mysewingmall.com/products/jack-a7-direct-drive-needle-feed-industrial-sewing-machine-complete-set,https://www.jack-sewing.com/wp-content/leaflets/A7.pdf,2025-12-27T15:20:40.551Z,2025-12-27T15:20:40.551Z
33,MSM-2250,Jack F5 Direct-Drive Industrial Lockstitch Sewing Machine Complete Set,Jack,Industrial Sewing Machine,Industrial Sewing Machine,1,85,122,60,70,0,75,120,55,120,Drop Feed,301 (Lockstitch),,,5000,Direct-Drive Servo,220V,,,"[""Needle System: DBx1"",""Standard High Shank Presser Feet"",""Standard Lockstitch Bobbins & Bobbin Cases""]",https://mysewingmall.com/products/jack-f5-direct-drive-lockstitch-industrial-sewing-machine-complete-set,https://jackeurope.com/download/manual-JACK-F5.pdf,2025-12-27T15:22:09.370Z,2025-12-27T15:22:09.370Z
34,MSM-4100,Jack H2 Heavy-Duty Direct-Drive Lockstitch Sewing Machine Complete Set,Jack,Industrial Sewing Machine,Industrial Sewing Machine,1,80,120,80,70,0,67,120,60,105,Unison Feed (Walking Foot),301 Lockstitch,1,1,2000,Direct-Drive Servo,110V,H2,DPx17,"[""Juki DU-1181N"",""Consew 205RB"",""Singer 111W Series""]",https://mysewingmall.com/products/jack-h2-walking-foot-direct-drive-industrial-sewing-machine-complete-set,,2025-12-27T15:23:45.051Z,2025-12-27T15:23:45.051Z
35,MSM-2786,Jack W4-D-01GBX356 3-Needle 5.6mm Flatbed Coverstitch Industrial Sewing Machine Compete Set,Jack,Industrial Sewing Machine,Industrial Sewing Machine,1,78,122,57,65,0,46,59,23,32,Differential Bottom Feed,ISO 406 (Coverstitch),,,6000,Direct Drive Servo Motor,110V,W4D01GBX356,,"[""Needle System: UYx128GAS"",""Foot System: Pegasus W500/W600 Type"",""Bobbin Type: N/A (Looper-based)""]",https://mysewingmall.com/products/jack-w4-d-01gbx356-3n-5-6mm-coverstitch-top-bottom-compete-set,https://www.jack-sewing.com/wp-content/leaflets/W4.pdf,2025-12-27T15:28:51.241Z,2025-12-27T15:28:51.241Z
36,MSM-2205,JACK H5 Walking Foot Industrial Sewing Machine Complete Set,Jack,Industrial Sewing Machine,Industrial Sewing Machine,1,82,122,65,75,0,72,120,60,120,Compound Feed (Walking Foot),301 Lockstitch,,,2000,Direct Drive Servo,110V,,,"[""Needle System: DPx17"",""Bobbin Style: M"",""Standard Single Needle Walking Foot Attachments""]",https://mysewingmall.com/products/jack-h5-cz-4-ubt-walking-foot-industrial-sewing-machine-complete-set,https://www.jacksewingmachines.co.uk/amfile/file/download/file/3538/category/3729/?srsltid=AfmBOoq7F7OYKs-SK9fD661N4Q_CS3eRcuycAgB7xm08yXV9HiAzMIVU,2025-12-27T15:30:27.014Z,2025-12-27T15:30:27.014Z
37,MSM-2500,Jack E4S-3 3-Thread Direct Drive Overlock Sewing Machine,Jack,Industrial Sewing Machine,Industrial Sewing Machine,1,58,125,58,15,0,52,120,55,105,Differential Bottom Feed,504,,,5500,Direct Drive Servo Motor,110V,E4S,,"[""Needle System: DCx27"",""Presser Foot: Jack E4S Series Specific"",""Looper: Jack E4S Series Specific""]",https://mysewingmall.com/products/jack-e3-3-m2-04-overlock-3-thread-industrial-over-lock-machine-complete-set,N/A,2025-12-27T15:32:12.104Z,2025-12-27T15:32:12.104Z
38,MSM-2285,Jack E4-5 Thread Computerized Direct-Drive Overlock Sewing Machine Complete Set,Jack,Industrial Sewing Machine,Industrial Sewing Machine,1,75,125,65,70,0,65,120,60,115,Differential Feed,516,,,5500,Direct-Drive Servo Motor,220V,E4,,"[""Needle System: B27 (DCx27)"",""Presser Foot System: Jack E4 Series"",""Looper System: Jack E4 Series""]",https://mysewingmall.com/products/jack-e4-5-5-thread-industrial-over-lock-machine-complete-set,https://www.jack-sewing.com/wp-content/leaflets/E4S.pdf,2025-12-27T15:33:38.281Z,2025-12-27T15:33:38.281Z
39,MSM-2203,Brother 2504D Overlock Machine,Brother,Home Sewing Machine,Home Sewing Machine,1,7,36.2,38.4,32.4,0,5.6,28.2,33.5,33.2,Differential Feed,Overlock,,,1300,AC/DC Electronic,110-120V / 220-240V,2504D,,"[""Needle System: 130/705 H"",""Foot System: Brother Overlocker Snap-On"",""Thread Type: Standard Serger/Overlock Cones""]",https://mysewingmall.com/products/brother-2504d-overlock-machine,https://download.brother.com/welcome/doch100696/884_b02_b03_om04en.pdf,2025-12-27T15:35:00.715Z,2025-12-27T15:35:00.715Z
40,MSM-0015,Brother Innovis A-150 Sewing Machine,Brother,Home Sewing Machine,Home Sewing Machine,1,9.1,54,32,43,0,6.6,41.9,19.6,30.7,Drop Feed,Lockstitch,0,0,850,DC Servo,220-240V,A150,,"[""Needle System: 130/705 H"",""Bobbin Type: Brother SA156 (11.5mm)"",""Presser Foot: Low Shank Snap-on""]",https://mysewingmall.com/products/brother-a-150-sewing-machine,https://www.gursewingmachines.com/uploads/brother-innov-is-a150-computerised-sewing-machine_productDocument.pdf,2025-12-27T15:36:23.215Z,2025-12-27T15:36:23.215Z
41,MSM-4367,Brother A16 Sewing Machine,Brother,Home Sewing Machine,Home Sewing Machine,1,8,50,28,39,0,6.4,41.9,19.6,30.7,Drop Feed,Lockstitch,0,0,850,DC Servo,220-240V,A16,,"[""Brother A50"",""Brother A80"",""Brother A150""]",https://mysewingmall.com/products/brother-a16-sewing-machine,https://creativenotions.co.za/files/Brother-Innovis-A16-Sewing-Machine-Manual.pdf?srsltid=AfmBOoq6klB1sVA-cFvCEngzAJK9gyJjklLLedUcK7v8tepymPTw-klX,2025-12-27T15:37:49.908Z,2025-12-27T15:37:49.908Z
42,MSM-5202,Brother A80 Sewing Machine,Brother,Home Sewing Machine,Home Sewing Machine,1,8.5,50,28,38,0,6.5,41.9,19.6,30.7,Drop Feed,301 Lockstitch,,,850,DC Motor,220-240V,MSM5202,,"[""Needle System: 130/705 H"",""Bobbin Type: Class 15 (SA156)"",""Foot Type: Brother Snap-On""]",https://mysewingmall.com/products/brother-a80-sewing-machine,https://sewingcraft.brother.eu/-/media/product-downloads/bsme/uk/a-series_en.ashx,2025-12-27T15:39:16.977Z,2025-12-27T15:39:16.977Z
43,MSM-5528,Brother BP3600 Computerized Embroidery Machine,Brother,Embroidery Machine,Embroidery Machine,1,25.9,71.1,61,61,0,13.9,30.1,58.7,34.7,,Lockstitch,1,1,1050,DC Servo Motor,110-120V,BP3600,,"[""Needle System: 130/705 H-E"",""Bobbin Type: Brother SA156"",""Hoop System: Brother BP3600/Stellaire Series Hoops""]",https://mysewingmall.com/products/brother-bp3600-computerized-embroidery-machine,https://download.brother.com/welcome/doch101722/882w80_w82_om01en.pdf,2025-12-27T15:40:37.533Z,2025-12-27T15:40:37.533Z
44,MSM-1152,Brother F420 Computerized Sewing Machine,Brother,Home Sewing Machine,Home Sewing Machine,1,12.5,55,35,45,0,9,44.6,24.1,30,Drop Feed,Lockstitch,,,850,DC Motor,220-240V,F420,130/705 H,"[""Needle System: 130/705 H"",""Bobbin Type: SA156 / SFB"",""Presser Foot Shank: Low Shank""]",https://mysewingmall.com/products/brother-f420-computerized-sewing-machine,https://brother-sew.lt/wp-content/uploads/2021/07/F420_888h72_h82_om02en.pdf,2025-12-27T15:42:07.902Z,2025-12-27T15:42:07.902Z
45,MSM-25480,Brother FS155 Sewing Machine,Brother,Home Sewing Machine,Home Sewing Machine,1,7.2,49.5,27.2,40.4,0,5.5,40,17,30,Drop Feed,Lockstitch,1,1,850,DC Motor,220-240V,,,"[""Needle System: 130/705 H"",""Bobbin Type: Brother SA156 (Class 15)"",""Presser Foot System: Brother Low Shank Snap-On""]",https://mysewingmall.com/products/brother-fs155-sewing-machine,https://download.brother.com/welcome/doch000266/bm35002600ug01en.pdf,2025-12-27T15:43:22.411Z,2025-12-27T15:43:22.411Z
46,MSM-5546,Brother FS60X Sewing Machine,Brother,Home Sewing Machine,Home Sewing Machine,1,7.2,49.5,24.7,37.8,0,5.8,41,17,31,Drop Feed,Lockstitch,1,1,750,DC Motor,220-240V,FS60X,,"[""Needle System: 130/705 H"",""Bobbin Type: Class 15 (SA156)"",""Presser Foot: Low Shank, Snap-on""]",https://mysewingmall.com/products/brother-fs60x-sewing-machine,https://irp.cdn-website.com/5b8d441a/files/uploaded/Brother-FS60X-brochure.pdf,2025-12-27T15:44:49.988Z,2025-12-27T15:44:49.988Z
47,MSM-3320,Brother JK17B Sewing Machine,Brother,Home Sewing Machine,Home Sewing Machine,1,8,49,25,41,0,6.5,39,15,31,Drop Feed,Lockstitch,0,0,750,AC Motor (Internal),220-240V,JK17B,,"[""Needle System: 130/705 H"",""Bobbin Type: Class 15 (SA156)"",""Presser Foot: Low Shank""]",https://mysewingmall.com/products/brother-jk17b-sewing-machine,https://www.brother.co.id/-/media/ap2/indonesia/brochure/quick-setup-guide/jk17b_fa.pdf?rev=88c0f01543d247e1b4271efd10b93e95&hash=D1FC287B18D98B1CFD7D89C71D0646F1,2025-12-27T15:46:15.422Z,2025-12-27T15:46:15.422Z
48,MSM-22520,Brother LX27NT Sewing Machine,Brother,Home Sewing Machine,Home Sewing Machine,1,7.2,44.4,19.4,37,0,6,40,17,30,Drop Feed,301 Lockstitch,0,0,800,Internal AC Motor,220-240V,LX27NT,,"[""Needle System: 130/705 H"",""Bobbin Type: Class 15 (SA156)"",""Presser Foot: Low Shank Snap-On""]",https://mysewingmall.com/products/brother-lx27nt-sewing-machine,https://download.brother.com/welcome/doch000398/bm2736xl36ug01en.pdf,2025-12-27T15:47:35.490Z,2025-12-27T15:47:35.490Z
49,MSM-2542,Brother Innov-is NV-18E Embroidery Machine,Brother,Embroidery Machine,Embroidery Machine,1,10.6,53,47,38,0,6.5,41.9,20.6,30.7,Drop Feed,Lockstitch,1,1,400,DC,220-240V,,,"[""Brother Innov-is NV90"",""Brother Innov-is NV180"",""Brother Innov-is M240ED""]",https://mysewingmall.com/products/brother-innov-is-nv-18e-embroidery-machine,https://download.brother.com/welcome/doch000588/885-u01_u04_om03en.pdf,2025-12-27T15:49:00.517Z,2025-12-27T15:49:00.517Z
50,MSM-5543,Ricoma CHT 1202 Embroidery Machine,Ricoma,Embroidery Machine,Embroidery Machine,1,330,153,86,96,0,220,143.5,76,160,Pantograph,301 Lockstitch,12,2,1000,Servo Motor,110V/220V,CHT1202,,"[""Needle System: DBxK5"",""Bobbin Type: L-Style"",""Hoop System: Ricoma CHT Series""]",https://mysewingmall.com/products/ricoma-rcm-cht-1202-double-head-12-needle-embroidery-machine,https://www.entremaquinasdecoser.com/pics/adjuntos/ricoma-cht-series-manual-operaciones.pdf?srsltid=AfmBOorodIR9syr1Yk795dqhUVo47dPif09zyH9fLc3GU1HMQu8We7J_,2025-12-27T15:50:28.361Z,2025-12-27T15:50:28.361Z
51,MSM-5549,Ricoma CHT2 1204 Embroidery Machine,Ricoma,Embroidery Machine,Embroidery Machine,1,495,277,143,181,0,380,257,123,161,Pantograph,Lockstitch,12,4,1000,Servo,110V/220V,RCMCHT21204,,"[""Needle System: DBxK5"",""Bobbin Type: L"",""Embroidery Format: DST""]",https://mysewingmall.com/products/ricoma-cht2-1204-4-head-embroidery-machine,N/A,2025-12-27T15:52:06.291Z,2025-12-27T15:52:06.291Z
52,MSM-54224,Ricoma CHT2 Six Head Embroidery Machine,Ricoma,Embroidery Machine,Embroidery Machine,1,850,373,115,173,0,650,358,114,172,Pantograph,Lockstitch,12,6,1000,Servo Motor,220V,CHT21206,,"[""Needle System: DBxK5"",""Bobbin Type: L-Style"",""Ricoma CHT2 Series Accessories""]",https://mysewingmall.com/products/ricoma-cht2-1206-6-head-12-needle-embroidery-machine,https://ricoma.sklep.pl/wp-content/uploads/2021/07/Instrukcja_seria_CHT2_EN.pdf?srsltid=AfmBOooDeLJPX4zVB6yb2m4Flgg2sK9dphzH8OPzRS9xTM391U6ukvJ7,2025-12-27T15:53:36.593Z,2025-12-27T15:53:36.593Z
53,MSM-63739,Wilcom E4.5 Decorating The Ultimate Embroidery Software,Wilcom,Accessory / Consumable,Accessory / Consumable,1,0.2,16,11,3,0,0.1,15,10,2,,,,,,,,,,"[""Tajima Industrial Embroidery Machines"",""Barudan Industrial Embroidery Machines"",""Brother PR & Commercial Series""]",https://mysewingmall.com/products/wilcom-e4-5-decorating-medium-level-embroidery-software,https://docs.wilcom.com/embroiderystudio/e4/en/downloads/referencemanual.pdf,2025-12-27T15:54:58.156Z,2025-12-27T15:54:58.156Z
54,MSM-3628,Wilcom E4.5 DESIGNING Embroidery Software,Wilcom,Accessory / Consumable,Accessory / Consumable,1,0,0,0,0,0,0,0,0,0,,,0,0,0,,,,,"[""Embroidery machines supporting .EMB file format"",""Embroidery machines supporting .DST file format"",""Windows-based Personal Computers""]",https://mysewingmall.com/products/wilcom-e4-5-designing-top-level-embroidery-software,https://docs.wilcom.com/embroiderystudio/e4/en/downloads/referencemanual.pdf,2025-12-27T15:56:11.787Z,2025-12-27T15:56:11.787Z
55,MSM-3099,Janome Overlocker Attachment Set B,Janome,Accessory / Consumable,Accessory / Consumable,1,0.15,15,10,3,0,0.1,15,10,3,,,,,,,,200218102,,"[""Janome 1110DX"",""Janome 644D"",""Janome 8002D""]",https://mysewingmall.com/products/janome-overlocker-attachment-set-b,https://www.janome.com/wp-content/uploads/2016/10/81200dc_en-mod-200-instr-manual.pdf,2025-12-27T15:57:31.774Z,2025-12-27T15:57:31.774Z
56,MSM-74599,Organ Needle HAx1 75 11 5 pcs,Organ Needle,Accessory / Consumable,Accessory / Consumable,1,0.01,5,3,0.5,0,0.005,5,3,0.5,,,,,,,,HAx17511,Universal Point,"[""Brother Home Sewing Machine Series"",""Singer Home Sewing Machine Series"",""Janome Home Sewing Machine Series""]",https://mysewingmall.com/products/home-use-sewing-machine-organ-needle-hax1-75-11,https://www.organneedle.com/img/pdf/Organ-Nadelindex-web-e.pdf,2025-12-27T15:58:45.290Z,2025-12-27T15:58:45.290Z
57,MSM-58950,Organ Needle DBx1 130 21 100 Pcs,Organ Needle,Accessory / Consumable,Accessory / Consumable,1,0.05,7,4,2,0,0.04,7,4,2,,,,,,,,DBX1,Round Point (R),"[""Juki DDL Series Industrial Lockstitch"",""Brother S-7000 Series Industrial Lockstitch"",""Consew 210/220/230 Series Industrial Lockstitch""]",https://mysewingmall.com/products/organ-needle-db-x-1-130-21-10-pcs,https://organ-needles.com/english/wp-content/uploads/2018/07/NY2_EN.pdf,2025-12-27T16:00:19.752Z,2025-12-27T16:00:19.752Z
58,MSM-5896,Melco EMT16X Embroidery Machine With Cap Attachment,Melco Amaya,Embroidery Machine,Embroidery Machine,1,99.8,88.4,101.6,107.2,0,74.8,73.4,86.6,92.2,Pantograph,Lockstitch (301),16,1,1500,DC Servo Motor,100-240V,,,"[""Melco EMT16Plus"",""Melco Amaya XTS"",""Melco Bravo""]",https://mysewingmall.com/products/melco-emt16x-16-needle-single-head-embroidery-machine,https://www.melco-service.com/docs/X/EMT16X_Tech_Manual.pdf,2025-12-27T16:01:46.739Z,2025-12-27T16:01:46.739Z
59,MSM-4750,"Juki LU-1560 N Double-Needle, Unison-feed, Lockstitch Machine Complete Set",Juki,Industrial Sewing Machine,Industrial Sewing Machine,1,100,125,60,120,0,80,122,51,110,Unison Feed (Walking Foot),301 Lockstitch,,,2500,Servo Motor,110V,LU1560N,,"[""Juki LU-1500 Series"",""Juki LU-1508N"",""Juki LU-1510N""]",https://mysewingmall.com/products/juki-lu-1560-n-double-needle-unison-feed-lockstitch-machine-complete-set,https://www.juki.co.jp/industrial_j/download_j/manual_j/lu1500n/menu/lu1560n/pdf/instruction_7k_1560n.pdf,2025-12-27T16:03:40.000Z,2025-12-27T16:03:40.000Z
60,MSM-4738,JUKI PLC-2710 Post-Bed Walking Foot Lockstitch Sewing Machine Complete Set,Juki,Industrial Sewing Machine,Industrial Sewing Machine,1,110,125,80,140,0,95,120,60,135,Unison Feed,301 Lockstitch,,,2500,Servo Motor,220-240V,PLC2710,,"[""Needle System: 135x17"",""Bobbin Style: Large Capacity 'U' Style"",""Presser Foot Mount: Juki PLC-2700 Series""]",https://mysewingmall.com/products/juki-series-plc-2710-post-bed-1-needle-unison-feed-lock-stitch-machine,https://www.juki.co.jp/industrial_j/download_j/manual_j/plc2700v7/menu/plc2710v-7/pdf/instruction_eg.pdf,2025-12-27T16:05:36.876Z,2025-12-27T16:05:36.876Z
61,MSM-5859,JUKI PLC-2760-7 Heavy-Duty Double-Needle Post-Bed Lockstitch Sewing Machine Complete Set,Juki,Industrial Sewing Machine,Industrial Sewing Machine,1,126,120,100,130,0,81,26,68,62,Unison Feed (Walking Foot),301 Lockstitch,,,2500,Direct-drive Servo Motor,220V,PLC27607,,"[""Needle System: 134x35R"",""Bobbin: Large Capacity Hook"",""Feet: Post-Bed Walking Foot Mount""]",https://mysewingmall.com/products/juki-plc-2760-7-heavy-duty-fully-automatic-double-needle-post-bed-walking-foot-sewing-machine-complete-set,N/A,2025-12-27T16:07:18.580Z,2025-12-27T16:07:18.580Z
62,MSM-38096,Janome MC550E Embroidery Machine,Janome,Embroidery Machine,Embroidery Machine,1,14,57,67,42,0,11.25,47.24,57.15,31.5,Embroidery Pantograph,301 Lockstitch,1,1,860,DC Servo,110-120V,MC550E,,"[""Needle System: 130/705 H-E"",""Bobbin Type: Janome J"",""Hoop System: Janome MC550E Compatible""]",https://mysewingmall.com/products/janome-mc550e-embroidery-machine,https://www.janome.com/wp-content/uploads/2019/11/inst-mc550e_le.pdf,2025-12-27T16:08:43.113Z,2025-12-27T16:08:43.113Z
63,MSM-3794,Janome Sew Mini,Janome,Home Sewing Machine,Home Sewing Machine,1,,,,,0,2.27,26.67,12.7,22.86,Drop Feed,Lockstitch (Type 301),0,0,350,AC/DC Motor,110-120V,,,[],https://mysewingmall.com/products/janome-sew-mini,https://toews.com/wp-content/uploads/sewing-manuals/Janome%20Sew%20Mini%20Instruction%20Book.pdf,2025-12-27T16:10:11.067Z,2025-12-27T16:10:11.067Z
64,MSM-3845,SINGER Start 1304 Sewing Machine,Singer,Home Sewing Machine,Home Sewing Machine,1,5.7,38,23,34,0,5.2,33,17.8,29.2,Drop Feed,Lockstitch (301),,,750,AC/DC Motor,110-120V,MSM3845,,"[""Needle System: 130/705 H"",""Bobbin Type: Class 15"",""Presser Foot: Low Shank""]",https://mysewingmall.com/products/singer-start-1304-sewing-machine-with-6-built-in-stitches-free-arm-sewing-machine-best-sewing-machine-for-beginners,https://cdn.poconosewandvac.com/web/products/instruction-manuals/pdfs/singer/1304/start-1304-instruction-manual.pdf,2025-12-27T16:11:44.649Z,2025-12-27T16:11:44.649Z
65,MSM-4795,Janome Horizon Memory Craft 9480QCP,Janome,Home Sewing Machine,Home Sewing Machine,1,17.9,68,40,47,0,13.9,52.8,24.3,32.1,Dual Feed (AcuFeed Flex™),Lockstitch,1,1,1060,DC Servo Motor,110-120V,MSM4795,,"[""Needle System: 130/705 H"",""Bobbin Type: Janome 'J'"",""Presser Foot System: Janome 9mm Snap-On""]",https://mysewingmall.com/products/janome-m100qdc-sewing-machine,https://www.janome.com/wp-content/uploads/2023/07/inst_ml-mc9480qcp.pdf,2025-12-27T16:13:15.491Z,2025-12-27T16:13:15.491Z
66,MSM-48499,Janome M30A Computerized Sewing Machine,Janome,Home Sewing Machine,Home Sewing Machine,1,6.8,45,25,35,0,5,38.8,15,28.2,Drop Feed,Lockstitch (Type 301),0,0,820,DC Motor,110-240V,MSM48499,,[],https://mysewingmall.com/products/janome-m30a-computerized-sewing-machine,https://www.janome.com/wp-content/uploads/2024/09/inst-book-mod-30.pdf,2025-12-27T16:14:41.424Z,2025-12-27T16:14:41.424Z
67,MSM-27930,Janome MC9400QCP Sewing & Quilting Machine,Janome,Home Sewing Machine,Home Sewing Machine,1,16.2,63.5,55.9,38.1,0,11.8,53.3,22.9,31.5,Drop Feed with Integrated Dual Feed (AcuFeed Flex),Lockstitch,1,1,1060,DC Servo Motor,110-120V,MC9400QCP,,"[""Janome 9mm Snap-on Feet"",""Janome J Bobbins"",""Needle System 130/705H""]",https://mysewingmall.com/products/janome-mc9400qcp-sewing-quilting-machine,https://www.janome.com/wp-content/uploads/2024/09/inst-book-mc9400p.pdf,2025-12-27T16:16:03.093Z,2025-12-27T16:16:03.093Z
68,MSM-7596,Janome Memory Craft 6700P Sewing And Quilting Machine,Janome,Home Sewing Machine,Home Sewing Machine,1,15.4,61,35.6,48.3,0,11.5,51.6,22,30,Integrated Dual Feed,301 Lockstitch,1,1,1200,DC Servo Motor,110-120V,MSM7596,,"[""Needle System: 130/705 H"",""Bobbin Type: Janome J"",""Foot Type: Janome 9mm Snap-On""]",https://mysewingmall.com/products/janome-memory-craft-6700p-sewing-and-quilting-machine,https://www.janome.com/wp-content/uploads/2024/09/inst-book-mc6700p.pdf,2025-12-27T16:17:32.623Z,2025-12-27T16:17:32.623Z
69,MSM-77493,Brother Innov-is NV880E Embroidery Machine,Brother,Embroidery Machine,Embroidery Machine,1,11.5,60,35,40,0,8.6,48,24.7,30,Embroidery Hoop Drive,301 Lockstitch,1,1,850,DC Servo,220-240V,NV880E,,"[""Brother Innov-is NV800E"",""Brother Innov-is NV870SE"",""Brother Innov-is F440E""]",https://mysewingmall.com/products/brother-innov-is-nv880e-embroidery-machine,https://www.spb.mie-eu.com/upload/iblock/7e8/Instruktsiya-Brother-NV880E.pdf,2025-12-27T16:18:57.912Z,2025-12-27T16:18:57.912Z
70,MSM-3749,JUKI DDL-9000C-SMS High-Speed Digital Lockstitch Sewing Machine Complete Set,Juki,Industrial Sewing Machine,Industrial Sewing Machine,1,85,122,60,70,0,65,120,55,115,Digital Bottom Feed,Lockstitch (301),,,5000,Direct Drive Servo Motor,110V,DDL9000CSMS,,"[""Needle System: DBx1"",""Bobbin: Style L"",""Presser Foot: High-Shank Industrial Single Needle""]",https://mysewingmall.com/products/juki-ddl-9000c-industrial-sewing-machine-with-thread-trimmer-direct-drive-complete-set,https://www.juki.co.jp/industrial_j/download_j/manual_j/ddl9000cs/menu/ddl9000cs/pdf/instruction_eg.pdf,2025-12-27T16:20:46.298Z,2025-12-27T16:20:46.298Z
71,JUKI-LK1903SS-INDUSTRIAL,Juki LK-1903SS Button Attaching Machine Complete Set 2 Months Lead Time After 100% Advance Payment Received,Juki,Industrial Sewing Machine,Industrial Sewing Machine,1,75,122,60,70,0,67,120,55,110,Intermittent Feed (X-Y),301 Lockstitch,,,2700,Direct Drive Servo,220-240V,LK1903SS,,"[""Needle System: TQx7"",""Bobbin: Juki #229-21507"",""Clamps: Juki LK-1900 Series""]",https://mysewingmall.com/products/juki-lk-1903ss-button-attaching-machine-complete-set,https://www.juki.co.jp/industrial_e/admin/pdata/filedata/290/lk1903s.pdf,2025-12-27T16:22:33.513Z,2025-12-27T16:22:33.513Z
72,JACK-JKT781-INDUSTRIAL,Jack JK-T781 High-Speed Industrial Buttonhole Machine Complete Set,Jack,Industrial Sewing Machine,Industrial Sewing Machine,1,75,122,56,65,0,47,65,25,55,Intermittent Feed,304,,,3600,Direct Drive Servo,220V,JKT781,,"[""Needle System: DPx5"",""Buttonhole Knives: Standard Industrial Buttonhole"",""Bobbin: Standard Industrial Lockstitch Bobbin""]",https://mysewingmall.com/products/jack-jk-t781-high-speed-industrial-buttonhole-machine-complete-set,https://www.supsew.com/download/Jack/Jack%20JK-T781D.pdf,2025-12-27T16:24:18.701Z,2025-12-27T16:24:18.701Z
73,MSM-27854,"Juki LBH-1790-S Computer-Controlled, High-speed, Buttonholing Machine Complete Set",Juki,Industrial Sewing Machine,Industrial Sewing Machine,1,95,122,58,65,0,87,120,55,105,Intermittent Feed by Stepping Motor,301 Lockstitch,,,4200,Direct Drive Servo Motor,220V,LBH1790S,,"[""Needle System: DPx5"",""Bobbin: Juki #229-21503"",""Work Clamps: LBH-1790 Series""]",https://mysewingmall.com/products/juki-computer-controlled-high-speed-buttonholing-machine-complete-set-2-months-lead-time-after-100-advance-payment-received,https://www.juki.co.jp/industrial_j/download_j/manual_j/lbh1790s/menu/pdf/instruction_eg.pdf,2025-12-27T20:02:36.107Z,2025-12-27T20:02:36.107Z
74,MSM-5728,JUKI MF7923U11B56 Cylinder Arm Industrial Coverstitch Sewing Machine Complete Set,Juki,Industrial Sewing Machine,Industrial Sewing Machine,1,95,122,110,70,0,85,120,60,120,Differential Feed,Coverstitch,,,6500,Direct Drive Servo Motor,220V,MF7923U11B56,,"[""Juki MF-7900 Series"",""Pegasus W500 Series"",""Yamato VC Series""]",https://mysewingmall.com/products/juki-mf7923u11b56-cylinder-arm-industrial-coverstitch-sewing-machine-complete-set-2-months-lead-time-after-100-advance-payment-received,https://www.juki.co.jp/industrial_e/download_e/catalog_e/mf7900.pdf,2025-12-28T11:31:45.420Z,2025-12-28T11:31:45.420Z
75,MSM-57984,Jack K5-D-1GBX356 Basic Cylinder Top And Bottom Cover Seam Complete Set,Jack,Industrial Sewing Machine,Industrial Sewing Machine,1,82,125,65,75,0,75,120,60,115,Differential Feed,Coverstitch,,,4500,Direct Drive Servo Motor,220V,K5D1GBX356,,"[""Needle System: UY 128 GAS"",""Presser Foot System: Jack K5 Series"",""Gauge Parts: Jack K5 Series""]",https://mysewingmall.com/products/jack-k5-d-1gbx356-basic-cylinder-top-and-bottom-cover-seam-complete-set,N/A,2025-12-28T11:33:24.336Z,2025-12-28T11:33:24.336Z
76,MSM-37942,Juki MF7523-U11B56 Flat-Bed Interlock Sewing Machine Complete Set,Juki,Industrial Sewing Machine,Industrial Sewing Machine,1,80,120,80,120,0,41,59,23,32,Differential-feed,607 (Interlock/Coverstitch),,,6500,Direct-drive Servo Motor,220V,MF7523U11B56,,"[""Needle System: UY128GAS"",""Presser Foot System: Juki MF-7500 Series"",""Attachments: Standard Coverstitch Gauge Parts""]",https://mysewingmall.com/products/juki-mf7523u11b56-flat-bed-interlock-sewing-machine-complete-set,https://www.juki.co.jp/industrial_e/download_e/catalog_e/mf7500.pdf,2025-12-28T11:34:58.689Z,2025-12-28T11:34:58.689Z
77,MSM-6950,Jack 58450J-A Computerized Double Needle Lockstitch Machine Complete Set,Jack,Industrial Sewing Machine,Industrial Sewing Machine,1,85,122,60,80,0,40,60,25,55,Drop Feed,301 Lockstitch,,,3000,Direct Drive Servo,220V,58450JA,,"[""Juki LH-3500 Series"",""Brother B842 Series"",""Siruba T828 Series""]",https://mysewingmall.com/products/jack-58450j-double-needle-flat-sewing-machine-with-split-bar-computerized-sewing-machine,https://www.candcenterprise.com/wp-content/uploads/2024/02/JK-58450J-SERIES-ELECTRONIC-CONTROL-MANUAL.pdf,2025-12-28T11:36:31.547Z,2025-12-28T11:36:31.547Z
78,JUKI-LH3568-INDUSTRIAL,JUKI LH-3568 Series Industrial Twin Needle Lockstitch Sewing Machine Complete Set,Juki,Industrial Sewing Machine,Industrial Sewing Machine,1,80,122,60,70,0,65,120,55,120,Needle Feed,301 Lockstitch,,,3000,Servo Motor,220V,LH3568,,"[""Needle System: DPx5"",""Bobbin Type: Juki 229-21705"",""Presser Foot System: Juki LH-3500 Series Twin Needle""]",https://mysewingmall.com/products/juki-lh-3568-double-needle-lockstitch-machine-2-months-lead-time-after-100-advance-payment-received,N/A,2025-12-28T11:38:05.289Z,2025-12-28T11:38:05.289Z
79,MSM-2794,Jack JK-T9280D-73-2PL-Q 1 8 Three-Needle Feed-Off-The-Arm Double Chainstitch Machine Complete Set,Jack,Industrial Sewing Machine,Industrial Sewing Machine,1,95,125,65,70,0,85,120,60,120,Compound Feed with Puller,401 Double Chainstitch,,,4000,Direct Drive Servo Motor,220V,JKT9280D732PLQ,,"[""Needle System: TVx5"",""Compatible Gauge Parts: 1/8 inch"",""Thread Type: Polyester Core Spun""]",https://mysewingmall.com/products/jack-jkt9280d-twin-needle-feed-off-the-arm-double-chainstitch-machine-2-months-lead-time-after-100-advance-payment-received,N/A,2025-12-28T11:39:43.931Z,2025-12-28T11:39:43.931Z
80,MSM-47392,"Juki MS-1261 V0455 Feed-off-the-arm, Double Chainstitch Machine Complete Set",Juki,Industrial Sewing Machine,Industrial Sewing Machine,1,85,125,80,100,0,75,120,60,120,"Needle feed, lower roller feed, and puller",401 (Double Chainstitch),,,4000,Servo Motor,220V,MS1261V0455,,"[""Needle System: UY128GAS"",""No Bobbin (Chainstitch)"",""Juki MS-1261 Series Specific Feet""]",https://mysewingmall.com/products/juki-ms-1261-v0455-feed-off-the-arm-double-chainstitch-machine-2-months-lead-time-after-100-advance-payment-received,N/A,2025-12-28T11:41:15.926Z,2025-12-28T11:41:15.926Z
81,MSM-26793,Jack 8558G Chain Stitch Machine,Jack,Industrial Sewing Machine,Industrial Sewing Machine,1,45,70,35,55,0,40,60,25,45,Drop Feed,Chainstitch (ISO 401),,,4500,Direct Drive Servo Motor,220V,JK8558GTWZ,,"[""Needle System: UYx113GS"",""Looper System: Chainstitch"",""Compatible with Jack 8558G Series Parts""]",https://mysewingmall.com/products/jack-8558g-chain-stitch-machine,N/A,2025-12-28T11:42:42.199Z,2025-12-28T11:42:42.199Z
82,MSM-3729,Jack JK-T2210 Programmable Pattern Sewing Machine Complete Set,Jack,Industrial Sewing Machine,Industrial Sewing Machine,1,155,123,83,130,0,130,120,60,125,Programmable Intermittent Feed (Work Clamp),301 Lockstitch,,,2700,Direct Drive Servo,220V,JKT2210,,"[""Uses Needle System: DPx17"",""Compatible with JK-T2210 specific clamps and jigs"",""Uses large capacity hook and bobbins""]",https://mysewingmall.com/products/jack-jk-t2210-computerized-direct-drive-programmable-large-pattern-sewing-machine,https://jackeurope.com/download/manual-JACK-JK-T2210.pdf,2025-12-28T11:44:21.574Z,2025-12-28T11:44:21.574Z
83,MSM-37398,"Jack JK-T1900GSK-D Medium-Weight Electronic Bartack, Button Sewing Machine Complete Set",Jack,Industrial Sewing Machine,Industrial Sewing Machine,1,79,122,82,75,0,70,120,60,110,Computer-Controlled Intermittent Feed,301 Lockstitch,,,3200,Direct Drive Servo Motor,220V,JKT1900GSKD,,"[""Needle System: DPx5"",""Bobbin Type: B1815-012-0A0"",""Uses JK-T1900G Series Clamps""]",https://mysewingmall.com/products/jack-t1900g-electronic-bar-tacking-machine-compete-set,https://jackeurope.com/download/manual-JACK-JK-T1900GSK.pdf,2025-12-28T11:45:58.349Z,2025-12-28T11:45:58.349Z
84,MSM-2738,Janome Mylock 213 Magnolia Overlocker,Janome,Home Sewing Machine,Home Sewing Machine,1,10,48,43,43,0,8,38,33,33,Differential Feed,Overlock,0,0,1300,Internal AC/DC Motor,110-120V,,,"[""Needle System 130/705 H"",""Janome Overlocker Presser Feet"",""Standard Serger Thread Cones""]",https://mysewingmall.com/products/janome-mylock-213-magnolia-overlocker,https://www.janome.com/wp-content/uploads/2016/10/81200dc_en-mod-200-instr-manual.pdf,2025-12-28T11:47:17.852Z,2025-12-28T11:47:17.852Z
85,MSM-38491,Janome RE10B Embroidery Hoop,Janome,Accessory,Accessory,1,0.2,17,12,3,0,0.15,15,10,2,,,,,,,,RE10B,,"[""Janome Memory Craft 500E"",""Janome Memory Craft 550E"",""Janome Memory Craft 400E""]",https://mysewingmall.com/products/janome-re10b-embroidery-hoop,https://media.rainpos.com/10956/accessory_guide_bilingual.pdf,2025-12-28T11:48:29.267Z,2025-12-28T11:48:29.267Z
86,JUKI-MO6704DA-Industrial,Juki MO-6704DA Semi-Dry Head 3-Thread Overlock Machine Complete Set,Juki,Industrial Sewing Machine,Industrial Sewing Machine,1,75,122,55,60,0,28,48,35,45,Differential Feed,504 (3-Thread Overlock),,,7000,Servo Motor,110V,MO6704DA,,"[""Needle System: DCx27"",""Presser Foot: Juki MO-6700 Series"",""Thread Type: Cone Spun Polyester""]",https://mysewingmall.com/products/juki-mo-6704da-pico-machine,https://www.juki.co.jp/industrial_j/download_j/manual_j/mo6700da/menu/mo6700da/pdf/instruction_8k.pdf,2025-12-28T11:50:04.676Z,2025-12-28T11:50:04.676Z
87,MSM-00997,Singer 1306 Mechanical Sewing Machine,Singer,Home Sewing Machine,Home Sewing Machine,1,5.72,38.1,19.05,31.75,0,4.54,33.02,17.78,29.21,Drop Feed,Lockstitch,,,750,AC Motor,110-120V,MSM00997,,"[""Needle System: 130/705 H"",""Bobbin Class: 15"",""Foot Type: Low Shank Snap-On""]",https://mysewingmall.com/products/singer-1306sewing-machine-mechanical-1306,https://www.singer.com.tr/assets/img/uploads/product-files/dbace176ea069861e0790a36753f030d_en.pdf,2025-12-28T11:51:25.410Z,2025-12-28T11:51:25.410Z
88,MSM-0099,Singer M1605 Domestic Sewing Machine,Singer,Home Sewing Machine,Home Sewing Machine,1,5.8,43.2,24.1,34.3,0,4.8,38.1,19.1,30.5,Drop Feed,Lockstitch,,,750,AC/DC Internal Motor,110-120V,M1605,,"[""Needle System: 130/705 H"",""Bobbin Class: 15 (Transparent)"",""Presser Foot Shank: Low Shank""]",https://mysewingmall.com/products/singer-m1605-domestic-sewing-machine,https://content.syndigo.com/asset/b3cb8b44-db41-4c2c-b647-840b3c7fd3f6/original.pdf,2025-12-28T11:52:49.319Z,2025-12-28T11:52:49.319Z
89,MSM-00910,"Singer Promise 1408 Automatic Zig-Zag Electric Sewing Machine, 8 Built-in Stitches, 24 Stitches Functions White Metal Frame",Singer,Home Sewing Machine,Home Sewing Machine,1,7.2,42.2,21.6,34.5,0,6,33,17.8,29.2,Drop Feed,Lockstitch,1,0,750,AC Motor,110-120V,1408,,"[""Singer Promise 1409"",""Singer Promise 1412"",""Singer Tradition Series""]",https://mysewingmall.com/products/singer-promise-1408-automatic-zig-zag-electric-sewing-machine-8-built-in-stitches-24-stitches-functions-white-metal-frame,https://singerindonesia.com/_assets/files/temp/im_1408_-_promise_en_id.pdf,2025-12-28T11:54:21.663Z,2025-12-28T11:54:21.663Z
90,MSM-48309,Singer M2105 Mechanical Sewing Machine,Singer,Home Sewing Machine,Home Sewing Machine,1,6.2,44,23,34,0,4.8,38.5,18.6,27.7,Drop Feed,Lockstitch,0,0,750,Internal AC/DC,110-120V,MSM48309,,"[""Singer M1500 Series"",""Singer M2400 Series"",""Singer M3300 Series""]",https://mysewingmall.com/products/singer-m2105-mechanical-sewing-machine,https://www.singer.com.tr/assets/img/uploads/product-files/dbace176ea069861e0790a36753f030d_en.pdf,2025-12-28T11:55:46.262Z,2025-12-28T11:55:46.262Z
91,MSM-3684,Singer 1409 Mechanical Sewing Machine,Singer,Home Sewing Machine,Home Sewing Machine,1,7,42,22,35,0,6.2,35,18,29,Drop Feed,Lockstitch,1,1,750,AC Motor,110-120V,MSM3684,,"[""Uses Needle System 130/705 H"",""Uses Class 15 Bobbins"",""Uses Low-Shank Presser Feet""]",https://mysewingmall.com/products/singer-1409-mechanical-sewing-machine,https://www.singer.com.tr/assets/img/uploads/product-files/dbace176ea069861e0790a36753f030d_en.pdf,2025-12-28T11:56:59.484Z,2025-12-28T11:56:59.484Z
92,MSM54759,Singer M2405 Mechanical Sewing Machine,Singer,Home Sewing Machine,Home Sewing Machine,1,6.5,45,25,34,0,5.4,38.5,18.6,27.7,Drop Feed,Lockstitch (301),,,750,AC Motor,110-120V,MSM54759,,"[""Needle System: 130/705 H"",""Bobbin Class: 15 (Transparent)"",""Presser Foot: Low Shank Snap-On""]",https://mysewingmall.com/products/singer-m2405-mechanical-sewing-machine,https://www.singer.it/wp-content/uploads/2019/10/SINGER-M2405.pdf,2025-12-28T11:58:11.845Z,2025-12-28T11:58:11.845Z
93,MSM-36398,Singer SM024 Domestic Sewing Machine Red,Singer,Home Sewing Machine,Home Sewing Machine,1,7.39,44.45,21.59,34.29,0,6.17,39.37,15.75,30.48,Drop Feed,Lockstitch (301),1,1,750,Internal AC Motor,120V,MSM36398,,"[""Needle System: 130/705 H"",""Bobbin Type: Class 15"",""Foot Type: Snap-On""]",https://mysewingmall.com/products/singer-sm024-domestic-sewing-machine-red,https://svpworldwide.widen.net/content/l7ozwj6noy/pdf/SM024_Instruction_Book_ENG_-_25-Aug-2020__393.pdf?u=cko5pg,2025-12-28T11:59:25.108Z,2025-12-28T11:59:25.108Z
94,MSM-479549,Singer Promise 1412 Mechanical Sewing Machine,Singer,Home Sewing Machine,Home Sewing Machine,1,7,43,22,35.2,0,6,38,18,30,Drop Feed,Lockstitch,1,1,750,AC Motor,220-240V,MSM479549,,"[""Needle System: 130/705 H"",""Bobbin Type: Class 15"",""Presser Foot: Low Shank""]",https://mysewingmall.com/products/singer-promise-1412-mechanical-sewing-machine,https://www.singer.com.tr/assets/img/uploads/product-files/dbace176ea069861e0790a36753f030d_en.pdf,2025-12-28T12:00:42.433Z,2025-12-28T12:00:42.433Z
95,MSM-474921,Singer Simple 3229 Mechanical Sewing Machine,Singer,Home Sewing Machine,Home Sewing Machine,1,6.8,43.2,24.1,35.6,0,5.5,38.1,19.1,30.5,Drop Feed,Lockstitch,,,750,AC Motor,110-120V,,,"[""Singer Simple 3221"",""Singer Simple 3223"",""Singer Simple 3232""]",https://mysewingmall.com/products/singer-simple-3229-mechanical-sewing-machine,https://singerlatam.com/chile/wp-content/uploads/sites/3/2022/10/IM_32233229.pdf,2025-12-28T12:01:57.656Z,2025-12-28T12:01:57.656Z
96,MSM-47953,Singer M3305 Mechanical Sewing Machine,Singer,Home Sewing Machine,Home Sewing Machine,1,6.8,45,23,35,0,5.4,38.5,18.7,27.7,Drop Feed,Lockstitch (Type 301),,,750,AC Motor,110-120V,M3305,,"[""Needle System: 130/705 H"",""Bobbin Type: Class 15"",""Presser Foot: Low Shank""]",https://mysewingmall.com/products/singer-m3305-mechanical-sewing-machine,https://singerindonesia.com/_assets/files/temp/m3305.pdf,2025-12-28T12:03:20.215Z,2025-12-28T12:03:20.215Z
97,MSM-4805,Singer 6160 Brilliance Electronic Sewing Machine,Singer,Home Sewing Machine,Home Sewing Machine,1,8,45,22,36,0,6.8,41.9,19.1,33,Drop Feed,Lockstitch,,,750,DC Motor,110-120V,6160Brilliance,,"[""Singer Brilliance Series"",""Singer Talent Series"",""Singer Fashion Mate Series""]",https://mysewingmall.com/products/singer-6160-brilliance-electronic-sewing-machine,https://singerbenelux.com/wp-content/uploads/2020/07/HL-SINGER-6199-6180-6160-UK-FR-SP.pdf,2025-12-28T12:04:48.844Z,2025-12-28T12:04:48.844Z
98,MSM-98789,Singer SGM-4411 Mechanical Sewing Machine Heavy Duty,Singer,Home Sewing Machine,Home Sewing Machine,1,8.1,45,22,36,0,6.6,39.4,15.9,30.5,Drop Feed,Lockstitch,,,1100,AC/DC Universal,110-120V,,,"[""Needle System 130/705 H"",""Bobbin Class 15"",""Low Shank Presser Feet""]",https://mysewingmall.com/products/singer-sgm-4411-mechanical-sewing-machine-heavy-duty,https://www.singer.com.tr/assets/img/uploads/product-files/dbace176ea069861e0790a36753f030d_en.pdf,2025-12-28T12:06:12.859Z,2025-12-28T12:06:12.859Z
99,MSM-68076,Singer SGM-6180 Electronic Sewing Machine,Singer,Home Sewing Machine,Home Sewing Machine,1,8.2,41,22,35,0,6.8,38,19,30,Drop Feed,Lockstitch,,,750,Internal Electronic Motor,220-240V,SGM6180,,"[""Needle System: 130/705 H"",""Bobbin: Class 15"",""Presser Foot: Low Shank Snap-On""]",https://mysewingmall.com/products/singer-sgm-6180-electronic-sewing-machine,https://blog.singer.com.br/wp-content/uploads/2013/02/358621001.pdf,2025-12-28T12:07:30.377Z,2025-12-28T12:07:30.377Z
100,MSM-5907,Singer SGM-4423 Mechanical Sewing Machine,Singer,Home Sewing Machine,Home Sewing Machine,1,8,45,22,35,0,6.6,39.4,15.9,30.5,Drop Feed,301 Lockstitch,,,1100,AC Motor (Internal),110-120V,SGM4423,,"[""Needle System: 130/705 H"",""Bobbin Type: Class 15"",""Presser Foot: Low Shank""]",https://mysewingmall.com/products/singer-sgm-4423-mechanical-sewing-machine,N/A,2025-12-28T12:08:45.707Z,2025-12-28T12:08:45.707Z
101,MSM-6804,Singer SGM-6199 Electronic Sewing Machine,Singer,Home Sewing Machine,Home Sewing Machine,1,9,45,25,35,0,7.5,40,20,30,Drop Feed,Lockstitch (301),,,850,DC Motor,110-120V,SGM6199,,"[""Needle System: 130/705 H"",""Bobbin: Class 15"",""Presser Foot: Low Shank""]",https://mysewingmall.com/products/singer-sgm-6199-electronic-sewing-machine,N/A,2025-12-28T12:10:11.187Z,2025-12-28T12:10:11.187Z
102,MSM-47595,"Singer 7640 Sewing Machine, Metal, White",Singer,Home Sewing Machine,Home Sewing Machine,1,9.16,48.26,26.67,36.83,0,7.3,43.18,20.32,31.75,Drop Feed,Lockstitch (Type 301),1,1,750,DC Motor,110-120V,7640,,"[""Needle System: 130/705 H"",""Bobbin Type: Class 15"",""Presser Foot: Low Shank Snap-On""]",https://mysewingmall.com/products/singer-7640-sewing-machine-metal-white,https://www.singer.com.tr/assets/img/uploads/product-files/7640_en.pdf,2025-12-28T12:11:28.375Z,2025-12-28T12:11:28.375Z
103,MSM-47690,Singer Heavy Duty Electronic Sewing Machine SGM-HD6705C,Singer,Home Sewing Machine,Home Sewing Machine,1,9.3,50.8,24.13,34.29,0,7.03,44.45,19.05,30.48,Drop Feed,Lockstitch,,,1100,Internal DC Motor,110-120V,SGMHD6705C,,"[""Needle System: 130/705 H"",""Bobbin Type: Class 15"",""Foot Type: Low Shank Snap-On""]",https://mysewingmall.com/products/singer-heavy-duty-electronic-sewing-machine-sgm-hd6705c,https://espoonkone.fi/wp-content/uploads/Instruction-Manual-Singer-HD6700C-HD6705C.pdf,2025-12-28T12:12:42.897Z,2025-12-28T12:12:42.897Z
104,MSM-43790,Singer Heavy Duty Electronic Sewing Machine SGM-HD6805C,Singer,Home Sewing Machine,Home Sewing Machine,1,9.2,53,27,39,0,7.71,44.45,19.05,30.48,Drop Feed,Lockstitch (Type 301),1,0,1100,DC Motor,110-120V,SGMHD6805C,,"[""Needle System: 130/705 H"",""Bobbin Type: Class 15"",""Presser Foot: Snap-On""]",https://mysewingmall.com/products/singer-heavy-duty-electronic-sewing-machine-sgm-hd6805c,N/A,2025-12-28T12:14:10.481Z,2025-12-28T12:14:10.481Z
105,MSM37392,Epson SureColor F2100 Direct-to-Garment Printer,Epson,Direct-to-Garment Printer,Direct-to-Garment Printer,1,120.2,101.1,120.1,80,0,83,149.9,99.1,50.8,,,0,0,,,100-120V,MSM37392,,[],https://mysewingmall.com/products/epson-surecolor-f2100-direct-to-garment-printer,https://files.support.epson.com/docid/cpd5/cpd54917.pdf,2025-12-28T12:15:37.525Z,2025-12-28T12:15:37.525Z
106,MSM-282922,Epson SureColor SC-F6400 Sublimation Printer,Epson,Industrial Sewing Machine,Industrial Sewing Machine,1,120,165,92,80,0,76,79.8,138.5,116.9,,,0,0,,Servo Motor,100-240V,,,[],https://mysewingmall.com/products/epson-surecolor-sc-f6300-sublimation-printer,https://files.support.epson.com/docid/cpd6/cpd61338.pdf,2025-12-28T12:17:12.389Z,2025-12-28T12:17:12.389Z
107,RICOMA-RP200-DTFPRINTER,Luminaris 200 White Toner Transfer DTF Printer,Ricoma,Industrial Garment Decoration Printer,Industrial Garment Decoration Printer,1,,,,,0,28,78,34.8,41.9,Roller Feed,,0,0,,Stepper Motor,110V/220V,RP200,,"[""Ricoma White Toner Cartridges"",""Ricoma DTF Transfer Film"",""Ricoma DTF Adhesive Powder""]",https://mysewingmall.com/products/ricoma-rp-200-luminaris-pro-direct-to-film-printer,https://www.ricoma.cn/upfile/news/pdf/2024-11-08/672dc8a70453f.pdf,2025-12-28T12:18:56.317Z,2025-12-28T12:18:56.317Z
108,BROTHER-INNOV-IS-M370-SEWING-EMBROIDERY-MACHINE,Brother Innov-is M370 Sewing & Embroidery Machine,Brother,Home Sewing Machine,Home Sewing Machine,1,11.5,54,48,38,0,6.8,40.5,19,30.7,Drop Feed,Lockstitch,1,1,850,DC Servo Motor,220-240V,,,"[""Needle System: 130/705 H"",""Bobbin Type: Brother SA156 / XA5539-151"",""Foot System: Low Shank Snap-On""]",https://mysewingmall.com/products/brother-innov-is-m370-sewing-embroidery-machine,https://download.brother.com/welcome/doch101372/888_m70_om01en.pdf,2025-12-28T12:20:17.424Z,2025-12-28T12:20:17.424Z
109,BROTHER-M330E-EMBROIDERYMACHINE,Brother Innov-is M330E Embroidery Machine,Brother,Embroidery Machine,Embroidery Machine,1,10.8,52,38,48,0,7.2,41.9,20.6,30.7,Drop Feed / Embroidery Frame,Lockstitch,1,1,400,DC Servo Motor,220-240V,M330E,130/705 H,"[""Needle System: 130/705 H"",""Bobbin Type: Brother SA156"",""Foot Type: Brother Low Shank Snap-On""]",https://mysewingmall.com/products/brother-innov-is-m330e-embroidery-machine,https://www.spotlightstores.com/medias/80633517-BROTHER-M330E.pdf?context=bWFzdGVyfHJvb3R8MjQ5MzM3MHxhcHBsaWNhdGlvbi9wZGZ8cm9vdC9oMzcvaDcwLzI3MjA1OTg5MzY3ODM4LzgwNjMzNTE3IEJST1RIRVIgTTMzMEUucGRmfGE2MGIyZDVjOWQ4MTMyNTUxOWNhN2E5ZDEwNTIwNzhkMjZkNzVhZWEyYWQ4OTRhMjIyMDJlMTE3YWM3OWRjZTE&srsltid=AfmBOort1WdVXew5XLgXi1pRJWv7gPC43AKfFHPMJSgY1rfKM6fLqMiD,2025-12-28T12:21:30.465Z,2025-12-28T12:21:30.465Z
110,MYSEWINGMALL-DBX114-INDUSTRIAL,Organ Needle DBx1-14 Pack of 100pcs,Organ Needle,Accessory / Consumable,Accessory / Consumable,1,0.06,10,8,2,0,0.04,6,4,1,,301 Lockstitch,,,,,,DBx1,Regular Round Point,"[""Juki DDL Series Industrial Lockstitch Machines"",""Brother S-Series Industrial Lockstitch Machines"",""Consew 210, 220, 230 Series""]",https://mysewingmall.com/products/organ-needle-dbx1-11-pack,N/A,2025-12-28T12:22:47.408Z,2025-12-28T12:22:47.408Z
111,ORGANNEEDLE-DCX2712019100PCS-INDUSTRIAL,Organ Needle DCx27 120 19 100 pcs,Organ Needle,Accessory / Consumable,Accessory / Consumable,1,0.05,7,4.5,1,0,0.03,3.9,0.12,0.12,,,,,,,,DCX27,R,"[""Juki MO-6700 Series"",""Pegasus M700 Series"",""Siruba 700F Series""]",https://mysewingmall.com/products/organ-needle-dcx27-19-100-pcs,N/A,2025-12-28T12:24:06.534Z,2025-12-28T12:24:06.534Z
112,MSM-1629,Organ Needle DDx1 19 120 100pcs,Organ Needles,Accessory / Consumable,Accessory / Consumable,1,0.07,5,4,3,0,0.05,5,4,3,,,,,,,,DDX1,Round Point,"[""Kansai Special DFB Series"",""Union Special 51000 Series"",""Juki MH-380 Series""]",https://mysewingmall.com/products/organ-needle-ddx1-19-100pcs,N/A,2025-12-28T12:25:21.451Z,2025-12-28T12:25:21.451Z
113,ORGANNEEDLES-DDX1-HEAVY-DUTY,Organ Needle DDx1 140 22 100pcs,Organ Needles,Accessory / Consumable,Accessory / Consumable,1,0.08,6,4,2,0,0.06,5.5,0.22,0.22,,Chainstitch,,,,,,DDX1,Regular Round Point,"[""Union Special 35800 Series"",""Kansai Special DFB Series"",""Juki MH-380 Series""]",https://mysewingmall.com/products/organ-needle-ddx1-22-100pcs,N/A,2025-12-28T12:26:47.427Z,2025-12-28T12:26:47.427Z
114,ORGANEEDLES-DOX5-INDUSTRIAL,Organ Needle DOx5 110 18 100pcs,Organ Needles,Accessory / Consumable,Accessory / Consumable,1,0.06,6,4,2,0,0.05,5.5,3.5,1.5,,,,,,,,DOX5,Regular Round Point,"[""Juki MB-373 Series"",""Brother B438 Series"",""Union Special 2000B""]",https://mysewingmall.com/products/organ-needle-dox5-18-100pcs,N/A,2025-12-28T12:30:08.555Z,2025-12-28T12:30:08.555Z
115,ORGANNEEDLES-DOX558-INDUSTRIAL,Organ Needle DOx558 130 21 10pcs,Organ Needles,Accessory / Consumable,Accessory / Consumable,1,0.025,10,7,1,0,0.015,4.5,3,0.5,,Chainstitch / Overlock,,,,,,DOx558,Regular Round Point (R),"[""Union Special 39500 Series"",""Pegasus M700/M800 Series"",""Siruba 700F Series""]",https://mysewingmall.com/products/organ-needle-dox558-21-10pcs,https://organ-needles.com/english/wp-content/uploads/2018/07/NY2_EN.pdf,2025-12-28T12:31:26.826Z,2025-12-28T12:31:26.826Z
116,ORGANNEEDLE-DPX17-SEWINGMACHINENEEDLES,Organ Needle DPx17 110 18 100PCS,Organ Needle,Accessory / Consumable,Accessory / Consumable,1,0.07,6,4,4,0,0.05,6,4,4,,,,,,,,DPX17,R,"[""Juki DNU-1541 Series"",""Consew 206RB Series"",""Singer 111W Series""]",https://mysewingmall.com/products/organ-needle-dpx17-18-100pcs,https://organ-needles.com/english/wp-content/uploads/2018/07/NY2_EN.pdf,2025-12-28T12:32:44.604Z,2025-12-28T12:32:44.604Z
117,MSM-37952,Organ Needle DPx17 120 19 10pcs,Organ Needle,Accessory / Consumable,Accessory / Consumable,1,0.025,5,3,0.5,0,0.015,5,3,0.5,,,,,,,,DPX1712019,Round Point,"[""Juki DDL-8700"",""Consew 206RB-5"",""Brother DB2-B735""]",https://mysewingmall.com/products/organ-needle-dpx17-19-10pcs,https://www.juki.co.jp/industrial_j/download_j/manual_j/ams221en/menu/ams221en/pdf/instruction_eg.pdf,2025-12-28T12:34:07.057Z,2025-12-28T12:34:07.057Z
118,ORGANNEEDLE-DVX19J65-EMBROIDERYNEEDLE,Organ Needle DVx1 9J 65 100pcs,Organ Needle,Accessory / Consumable,Accessory / Consumable,1,0.03,5,4,2,0,0.02,5,4,2,,,,,,,,DVX19J65,Ball Point,"[""Tajima Industrial Embroidery Machines (TME, TFGN Series)"",""Barudan Industrial Embroidery Machines (BEDS, BEMR Series)"",""Brother Industrial Embroidery Machines (BES Series)""]",https://mysewingmall.com/products/organ-needle-dvx1-9-j-100pcs,N/A,2025-12-28T12:35:23.918Z,2025-12-28T12:35:23.918Z
119,ORGANNEEDLE-DVX43-FLATSEAMINGNEEDLE,Organ Needle DVx43 100 16 100 pcs,Organ Needle,Accessory / Consumable,Accessory / Consumable,1,0.05,6,4,2,0,0.04,6,4,2,,Flatlock / Coverstitch,,,,,,DVX43,Round Point (R),"[""Kansai Special W8100 Series"",""Yamato FD-62 Series"",""Pegasus W500/W600 Series""]",https://mysewingmall.com/products/organ-needle-dvx43-16-100-pcs,N/A,2025-12-28T12:36:41.602Z,2025-12-28T12:36:41.602Z
120,ORGANNEEDLE-DVX4365100PCS-DVX4365100PCS,Organ Needle DVx43 65 9 100pcs,Organ Needle,Accessory / Consumable,Accessory / Consumable,1,0.05,5,4,3,0,0.03,5,4,3,,,,,,,,DVX43,Regular Round Point,"[""Kansai Special WX Series"",""Yamato VC Series"",""Pegasus W500/W600 Series"",""Siruba F007 Series"",""Brother B270 Series""]",https://mysewingmall.com/products/organ-needle-dvx43-9-100pcs,N/A,2025-12-28T12:38:07.694Z,2025-12-28T12:38:07.694Z
121,ORGANNEEDLE-DVX57-80-12B-INDUSTRIAL,Organ Needle DVX57 80 12B 100 pcs,Organ Needle,Accessory / Consumable,Accessory / Consumable,1,0.05,6,4,2,0,0.025,5.5,3.5,1.5,,Chainstitch / Coverstitch,,,,,,DVX57,Light Ball Point / SES,"[""Juki MF-7500 Series"",""Pegasus W500 Series"",""Kansai Special WX Series""]",https://mysewingmall.com/products/organ-needle-dvx57-12b,http://brothersindo.co.id/bro/MAQI%20GENERAL%20CATALOGUES.pdf,2025-12-28T12:39:39.258Z,2025-12-28T12:39:39.258Z
122,ORGANNEEDLE-DVX63-90-14-100PCS,Organ Needle DVx63 90 14 100pcs,Organ Needle,Accessory / Consumable,Accessory / Consumable,1,0.045,6,4,1,0,0.025,6,4,1,,,,,,,,DVx63,Round Point (R),"[""Juki MF-7500 Series"",""Pegasus W500 Series"",""Yamato VC Series""]",https://mysewingmall.com/products/organ-needle-dvx63-14-100pcs,N/A,2025-12-28T12:40:58.385Z,2025-12-28T12:40:58.385Z
123,ORGANNEEDLE-DVX63-10016-100PCS,Organ Needle DVx63 100 16 100pcs,Organ Needle,Sewing Machine Needles,Sewing Machine Needles,1,0.05,6,4,2,0,0.03,6,4,2,,,,,,,,DVx63,Regular Round Point,"[""Kansai Special WX Series"",""Yamato VC Series"",""Pegasus W500/W600 Series""]",https://mysewingmall.com/products/organ-needle-dvx63-16-100pcs,N/A,2025-12-28T12:42:14.827Z,2025-12-28T12:42:14.827Z
124,ORGANNEEDLE-EBX755-901410PCS,Organ Needle EBx755 90 14 10pcs,Organ Needle,Accessory / Consumable,Accessory / Consumable,1,0.02,6,4,0.5,0,0.01,6,4,0.5,,,,,,,,EBx755,Regular Round Point,"[""Pegasus W500 Series"",""Yamato VC Series"",""Kansai Special WX Series"",""Siruba F007 Series""]",https://mysewingmall.com/products/organ-needle-ebx755-14-10pcs,N/A,2025-12-28T12:43:32.241Z,2025-12-28T12:43:32.241Z
125,ORGANNEEDLE-EBX755-SEWINGNEEDLE,Organ Needle EBx755 110 18 10pcs,Organ Needle,Accessory / Consumable,Accessory / Consumable,1,0.01,5,3,0.5,0,0.005,3.8,0.2,0.2,,,,,,,,EBX755,Regular Round Point,"[""Juki MO-6700 Series"",""Pegasus M700 Series"",""Yamato Z Series""]",https://mysewingmall.com/products/organ-needle-ebx755-18-10pcs,N/A,2025-12-28T12:44:49.900Z,2025-12-28T12:44:49.900Z
126,ORGANNEEDLE-EBX755-12520100PCS,Organ Needle EBx755 125 20 100pcs,Organ Needle,Sewing Machine Needle,Sewing Machine Needle,1,0.04,5,4,1,0,0.03,5,4,1,,,,,,,,EBX755,Regular Round Point (R),"[""Pegasus W500/W600 Series"",""Yamato VC/VF Series"",""Kansai Special WX/RX Series""]",https://mysewingmall.com/products/organ-needle-ebx755-20-100pcs,N/A,2025-12-28T12:46:11.359Z,2025-12-28T12:46:11.359Z
127,ORGANNEEDLE-LWx3T-140-22-NEEDLES,Organ Needle LWx3T 140 22 100pcs,Organ Needle,Accessory / Consumable,Accessory / Consumable,1,0.09,6,4,2,0,0.07,,,,,,,,,,,LWx3T,R,"[""Lewis 150 Series"",""US Blindstitch 718 Series"",""Consew 1099 Series""]",https://mysewingmall.com/products/organ-needle-lwx3t-22-1-100pcs,N/A,2025-12-28T12:47:34.048Z,2025-12-28T12:47:34.048Z
128,ORGANNEEDLE-LWX5T-LEATHERSTITCHING,Organ Needle LWx5T 95 15 100pcs,Organ Needle,Accessory / Consumable,Accessory / Consumable,1,0.05,6,4,2,0,0.025,6,4,2,,,,,,,,LWx5T,Cutting Point,"[""Lewis Blindstitch Machines (150 Series)"",""US Blindstitch Machines (718 Series)"",""Consew Blindstitch Machines (1099 Series)""]",https://mysewingmall.com/products/organ-needle-lwx5t-15-100pcs,N/A,2025-12-28T16:06:02.436Z,2025-12-28T16:06:02.436Z
129,ORGANNEEDLE-LWX6T-65-9-10PCS-LEATHERWORK,Organ Needle LWx6T 65 9 10pcs,Organ Needle,Accessory / Consumable,Accessory / Consumable,1,0.015,5,3,0.5,0,0.01,5,3,0.5,,,,,,,,LWx6T,Round Point (R),"[""Consew 75T"",""Lewis 150 Series"",""US Blindstitch 1118"",""Maier 221 Series"",""Strobel 170 Series""]",https://mysewingmall.com/products/organ-needle-lwx6t-9-10pcs,N/A,2025-12-28T16:07:23.759Z,2025-12-28T16:07:23.759Z
130,ORGANNEEDLE-LWXC51100PCS-INDUSTRIAL,Organ Needle LWxC5 75 11 100pcs,Organ Needle,Accessory / Consumable,Accessory / Consumable,1,0.035,5,4,1,0,0.025,4.5,0.2,0.2,,Blindstitch,,,,,,LWXC51100PCS,Round Point,"[""Lewis 150 Series"",""Consew 1099 Series"",""Yamato CM-360 Series""]",https://mysewingmall.com/products/organ-needle-lwxc5-11-100pcs,N/A,2025-12-28T16:08:49.405Z,2025-12-28T16:08:49.405Z
131,ORGAN-NEEDLE-MTX19016100PCS-INDUSTRIAL,Organ Needle MTx190 100 16 100pcs,Organ Needle,Accessory / Consumable,Accessory / Consumable,1,0.04,6,4,1,0,0.02,,,,,,,,,,,MTx190,Round Point,"[""Kansai Special WX Series"",""Yamato VC Series"",""Pegasus W500 Series""]",https://mysewingmall.com/products/organ-needle-mtx190-16-100pcs,N/A,2025-12-28T16:10:12.464Z,2025-12-28T16:10:12.464Z
132,ORGANNEEDLE-MTX190-INDUSTRIAL,Organ Needle MTX190 160 23 100pcs,Organ Needle,Accessory / Consumable,Accessory / Consumable,1,0.05,6,4,2,0,0.03,6,4,2,,,,,,,,MTX190,Round Point (R),"[""Kansai Special WX Series"",""Yamato VC Series"",""Juki MF-7500 Series"",""Pegasus W500 Series"",""Union Special 35800 Series""]",https://mysewingmall.com/products/organ-needle-mtx190-23-100pcs,https://www.diamondneedle.com/documents/Organ%20Needles%20Catalogs/YORI.pdf,2025-12-28T16:11:38.675Z,2025-12-28T16:11:38.675Z
133,ORGANNEEDLE-PHXC70-INDUSTRIAL,Organ Needle PHxC70 90 14 10pcs,Organ Needle,Accessory / Consumable,Accessory / Consumable,1,0.02,10,8,1,0,0.015,5,3,0.5,,,,,,,,PHxC70,Round Point,"[""Pegasus M700 Series"",""Juki MO-6700 Series"",""Siruba 700K Series""]",https://mysewingmall.com/products/organ-needle-phxc70-14-100pcs,https://www.silmoh.com/pezzi2/cat1-eng-pz.pdf,2025-12-28T16:13:05.916Z,2025-12-28T16:13:05.916Z
134,ORGANNEEDLE-PHXC70-INDUSTRIAL,Organ Needle PHxC70 100 16 100pcs,Organ Needle,Accessory / Consumable,Accessory / Consumable,1,0.045,6,4,2,0,0.025,,,,,,,,,,,PHxC70,Regular Round Point,"[""Kansai Special DFB Series"",""Union Special 51000 Series"",""Yamato VC Series""]",https://mysewingmall.com/products/organ-needle-phxc70-16-100pcs,https://www.silmoh.com/pezzi2/cat1-eng-pz.pdf,2025-12-28T16:15:01.258Z,2025-12-28T16:15:01.258Z
135,ORGANNEEDLE-TQX1-2-100PCS,Organ Needle TQX1-2 100pcs,Organ Needle,Accessory / Consumable,Accessory / Consumable,1,0.06,8,5,1,0,0.04,6,4,0.8,,,,,,,,TQX1,,"[""Juki MB-1370 Series"",""Brother B814/B816 Series"",""Siruba BT290 Series""]",https://mysewingmall.com/products/organ-needle-tqx1-2-100pcs,https://www.allbrands.com/images2/common/DiamondOrganPDF.pdf?srsltid=AfmBOopXk95On4W1cY25B6p8FMMB0cGXSyetnfFSMiWnTWcEB6YF3Pl3,2025-12-28T16:16:30.236Z,2025-12-28T16:16:30.236Z
136,ORGANNEEDLE-TQX19-SEWINGMACHINENEEDLES,Organ Needle TQX1-9 10pcs,Organ Needle,Accessory / Consumable,Accessory / Consumable,1,0.025,10,8,1,0,0.008,5.5,3.5,0.5,,,,,,,,TQX19,Round Point,"[""Juki MB-373"",""Brother B438"",""Singer 269W Series""]",https://mysewingmall.com/products/organ-needle-tqx1-9-10pcs,http://nimi.co.in/cits_books/cits_ebooks/Sewing_Technology/Sewing_Technology_Trade_Theory/index.pdf,2025-12-28T16:17:48.007Z,2025-12-28T16:17:48.007Z
137,ORGANNEEDLE-TQX711J-SEWINGMACHINENEEDLES,Organ Needle TQX7-11J 100pcs,Organ Needle,Accessory / Consumable,Accessory / Consumable,1,0.04,5,4,2,0,0.03,5,4,2,,,,,,,,TQX7,,"[""Juki MB-1370 Series"",""Brother B438 Series"",""Siruba BT290 Series""]",https://mysewingmall.com/products/organ-needle-tqx7-11j-100pcs,N/A,2025-12-28T16:19:24.672Z,2025-12-28T16:19:24.672Z
138,ORGANNEEDLE-TQX79J-SEWINGMACHINENEEDLES,Organ Needle TQX7-9J 100pcs,Organ Needle,Accessory / Consumable,Accessory / Consumable,1,0.07,5,4,2,0,0.05,5,4,2,,,,,,,,TQX79J,Round Point,"[""Juki MB-1377 Series"",""Brother B438 Series"",""Siruba BT290 Series""]",https://mysewingmall.com/products/organ-needle-tqx7-9j-100pcs,N/A,2025-12-28T16:20:40.629Z,2025-12-28T16:20:40.629Z
139,ORGAN-NEEDLE-TVX1-18-100PCS,Organ Needle TVX1-18 100pcs,Organ Needle,Accessory / Consumable,Accessory / Consumable,1,0.04,6,4,2,0,0.03,,,,,,,,,,,TVX1,Round Point (R),"[""Juki MF-7500 Series"",""Pegasus W600 Series"",""Yamato VC Series""]",https://mysewingmall.com/products/organ-needle-tvx1-18-100pcs,https://raichert.com/wp-content/uploads/2021/03/Basic-Knowledge-Sewing.pdf,2025-12-28T16:21:58.664Z,2025-12-28T16:21:58.664Z
140,ORGANNEEDLE-TVX120-TVX1-20-10PCS,Organ Needle TVX1-20 10pcs,Organ Needle,Accessory / Consumable,Accessory / Consumable,1,0.03,6,4,1,0,0.02,5,3,0.5,,,,,,,,TVX1,Round Point,"[""Kansai Special DFB Series"",""Yamato VC Series"",""Union Special 50000 Series""]",https://mysewingmall.com/products/organ-needle-tvx1-20-10pcs,N/A,2025-12-28T16:23:28.971Z,2025-12-28T16:23:28.971Z
141,ORGANNEEDLE-TVX511-10PCS,Organ Needle TVX5-11 10pcs,Organ Needle,Accessory / Consumable,Accessory / Consumable,1,0.015,5,3,0.5,0,0.005,5,3,0.5,,,,,,,,TVX5,Sharp Round Point (R),"[""Juki MF-7500 Series"",""Pegasus W500 Series"",""Kansai Special WX Series""]",https://mysewingmall.com/products/organ-needle-tvx5-11-10pcs,https://www.kansai-special.com/wp-content/uploads/2024/12/MACHINES-GUIDE_en.pdf,2025-12-28T16:24:50.829Z,2025-12-28T16:24:50.829Z
142,ORGANNEEDLE-TVX5-14b-100pcs,Organ Needle TVX5-14b 100pcs,Organ Needle,Accessory / Consumable,Accessory / Consumable,1,0.04,6,4,1,0,0.03,4.45,0.2,0.2,,Chainstitch / Coverstitch,,,,,,TVX5,Round Point,"[""Juki MF-7500 Series"",""Pegasus W500 / W600 Series"",""Kansai Special WX / RX Series""]",https://mysewingmall.com/products/organ-needle-tvx5-14b-100pcs,https://siruba.sklep.pl/wp-content/uploads/2021/01/HF008-instrukcjalista-czesci.pdf?srsltid=AfmBOooozVJTkzTV-9JXILLuJytAxziH-WjOzRiqRm1clWoqL0QaJM95,2025-12-28T16:26:15.498Z,2025-12-28T16:26:15.498Z
143,ORGANNEEDLE-TVX516-TVX5-16NEEDLES100PCS,Organ Needle TVX5-16 needles 100pcs,Organ Needle,Accessory / Consumable,Accessory / Consumable,1,0.06,10,8,2,0,0.04,5,4,1,,,,,,,,TVX516,Round Point,"[""Kansai Special WX Series"",""Pegasus W500/W600 Series"",""Juki MF-7500 Series""]",https://mysewingmall.com/products/organ-needle-tvx5-16-needles-100pcs,N/A,2025-12-28T16:27:41.795Z,2025-12-28T16:27:41.795Z
144,ORGANNEEDLE-TVX522-100PCS,Organ Needle TVX5-22 100pcs,Organ Needle,Accessory / Consumable,Accessory / Consumable,1,0.05,6,4,1,0,0.03,6,4,1,,,,,,,,TVX5,R,"[""Juki MF-7500 Series"",""Pegasus W500/W600 Series"",""Yamato VC/VF Series"",""Kansai Special WX/RX Series"",""Siruba F Series""]",https://mysewingmall.com/products/organ-needle-tvx5-22-100pcs,https://www.supsew.com/download/Kansai/Kansai%20NR%20Parts%20&%20Instruction.pdf,2025-12-28T16:29:07.785Z,2025-12-28T16:29:07.785Z
145,ORGANNEEDLE-TVX522-100PCS,Organ Needle TVX5-22 100pcs,Organ Needle,Accessory / Consumable,Accessory / Consumable,1,0.05,6,4,1,0,0.03,6,4,1,,Chainstitch / Coverstitch,,,,,,TVX5,Round Point (R),"[""Pegasus W500/W600 Series"",""Juki MF-7000 Series"",""Yamato VC/VF Series"",""Kansai Special WX/RX Series"",""Siruba F Series""]",https://mysewingmall.com/products/organ-needle-tvx5-22-100pcs-1,https://www.kansai-special.com/wp-content/uploads/2024/12/MACHINES-GUIDE_en.pdf,2025-12-28T16:30:36.103Z,2025-12-28T16:30:36.103Z
146,ORGANNEEDLE-TVX64-12-100PCS,Organ Needle TVX64-12 100pcs,Organ Needle,Accessory / Consumable,Accessory / Consumable,1,0.05,8,5,1,0,0.03,8,5,1,,,,,,,,TVX6412,Light Ball Point (FFG),"[""Pegasus W500 Series Industrial Coverstitch"",""Pegasus W600 Series Industrial Coverstitch"",""Yamato VC Series Industrial Coverstitch""]",https://mysewingmall.com/products/organ-needle-tvx64-12-100pcs,https://www.diamondneedle.com/documents/Organ%20Needles%20Catalogs/E304-Embroidery-needles.pdf,2025-12-28T16:32:00.865Z,2025-12-28T16:32:00.865Z
147,ORGANNEEDLE-TVX6421-INDUSTRIAL,Organ Needle TVx64-21 100pcs,Organ Needle,Accessory / Consumable,Accessory / Consumable,1,0.06,15,10,2,0,0.03,6,4,1,,,,,,,,TVX6421,Ball Point,"[""Kansai Special WX Series"",""Pegasus W500/W600 Series"",""Juki MF-7500/7900 Series"",""Yamato VC/VF Series"",""Siruba F Series""]",https://mysewingmall.com/products/organ-needle-tvx64-21-100pcs,https://www.kansai-special.com/wp-content/uploads/2024/12/MACHINES-GUIDE_en.pdf,2025-12-28T16:33:21.561Z,2025-12-28T16:33:21.561Z
148,ORGANNEEDLE-TVX7100-100PCS16ASU,Organ Needle TVX7-100 16ASU 100pcs,Organ Needle,Accessory / Consumable,Accessory / Consumable,1,0.05,6,4,2,0,0.04,6,4,2,,,,,,,,TVX7100,Ball Point (ASU),"[""Juki MF-7500 Series"",""Pegasus W600 Series"",""Yamato VC Series""]",https://mysewingmall.com/products/organ-needle-tvx7-100-16asu-100pcs,https://www.allbrands.com/images/Barbara/industrial-needle-chart.pdf?srsltid=AfmBOorah_jSlmG-SVDBxYgKSuEeXPiI-tmSvzbmV4AD0QOPestjvrnM,2025-12-28T16:34:51.272Z,2025-12-28T16:34:51.272Z
149,RICOMA-SWIFTXL2001TC10SEMBROIDERYMACHINE-EMBROIDERYMACHINE,Ricoma SWIFT XL 2001 TC 10S Embroidery Machine,Ricoma,Embroidery Machine,Embroidery Machine,1,113.4,91.4,83.8,101.6,0,90.7,86.4,78.7,96.5,Pantograph,Lockstitch,10,1,1200,Servo Motor,110V/220V,RCM2001TC10S,,[],https://mysewingmall.com/products/ricoma-rcm-2001-tc-7s-embroidery-machine,N/A,2025-12-28T16:36:43.100Z,2025-12-28T16:36:43.100Z
150,MAGGIEHOOPS-RCMEM1010-EMBROIDERYHOOPS,Ricoma RCM-EM-1010 Maggie Hoops,Maggie Hoops,Accessory / Consumable,Accessory / Consumable,1,1,25,25,5,0,0.8,20,20,2.5,,,,,,,,RCMEM1010,,"[""Ricoma RCM-EM-1010""]",https://mysewingmall.com/products/ricoma-rcm-em-1010-magnetic-hoop,N/A,2025-12-28T16:38:04.954Z,2025-12-28T16:38:04.954Z
151,MAGGIEHOOPS-STM04043.8-EMBROIDERYHOOPS,Ricoma 1501-TC-7S Maggie Hoops,Maggie Hoops,Accessory / Consumable,Accessory / Consumable,1,0.5,12,12,4,0,0.4,10.2,10.2,2,,,,,,,,STM04043.8,,"[""Ricoma 1501-TC-7S"",""Ricoma EM-1010"",""Ricoma TC Series Single-Head Embroidery Machines""]",https://mysewingmall.com/products/copy-of-ricoma-rcm-em-1010-magnetic-hoops,N/A,2025-12-28T16:39:34.699Z,2025-12-28T16:39:34.699Z
152,MAGGIEHOOPS-1201TC7S-EMBROIDERYHOOPS,Ricoma 1201-TC-7S Maggie Hoops,Maggie Hoops,Accessory / Consumable,Accessory / Consumable,1,3.5,45,35,15,0,2.5,30,20,2,,,,,,,,,,"[""Ricoma 1201-TC-7S"",""Ricoma TC Series (Single Head)"",""Ricoma MT Series (Single Head)""]",https://mysewingmall.com/products/copy-of-ricoma-rcm-em-1010-magnetic-hoops-1,N/A,2025-12-28T16:40:58.061Z,2025-12-28T16:40:58.061Z
153,MAGGIEHOOPS-2001-TC-7S-EMBROIDERYHOOPS,Ricoma 2001-TC-7S Maggie Hoops,Maggie Hoops,Accessory / Consumable,Accessory / Consumable,1,,,,,0,,,,,,,,,,,,,,"[""Ricoma 2001-TC-7S"",""Ricoma 1501-TC-7S"",""Ricoma TC Series""]",https://mysewingmall.com/products/copy-of-ricoma-1501-tc-7s-maggie-hoops,N/A,2025-12-28T16:42:27.782Z,2025-12-28T16:42:27.782Z
154,MAGGIEHOOPS-MT20018S-EMBROIDERYHOOPS,Ricoma MT-2001-8S Maggie Hoops,Maggie Hoops,Accessory / Consumable,Accessory / Consumable,1,2.5,35,25,20,0,2,30,20,15,,,,,,,,MT20018S,,"[""Ricoma MT-2001-8S""]",https://mysewingmall.com/products/copy-of-ricoma-2001-tc-7s-maggie-hoops,N/A,2025-12-28T16:44:07.507Z,2025-12-28T16:44:07.507Z
155,RICOMA-1201-SWD-MAGGIE-HOOPS,Ricoma 1201-SWD Maggie Hoops,Ricoma,Accessory / Consumable,Accessory / Consumable,1,0.7,25,25,5,0,0.5,20,20,2,,,,,,,,,,"[""Ricoma 1201-SWD"",""Ricoma MT-2001-8S"",""Ricoma SWD Series""]",https://mysewingmall.com/products/copy-of-ricoma-mt-2001-8s-maggie-hoops,N/A,2025-12-28T16:47:37.247Z,2025-12-28T16:47:37.247Z
156,RICOMA-MAGGIEHOOPS-EMBROIDERYHOOPS,Ricoma 1501-SWD Maggie Hoops,Ricoma,Accessory / Consumable,Accessory / Consumable,1,,,,,0,,,,,,,,,,,,,,"[""Ricoma 1501-SWD"",""Ricoma 1201-SWD"",""Ricoma MT-1501""]",https://mysewingmall.com/products/copy-of-ricoma-1201-swd-maggie-hoops,https://ricoma.sklep.pl/wp-content/uploads/2021/07/Instrukcja_RCM1501_EN.pdf?srsltid=AfmBOor-yBh6JniUWjT-NeNPCeYQ0vlOU7JPlse0Eo53GzQNOqI3B7sO,2025-12-28T16:48:57.029Z,2025-12-28T16:48:57.029Z
157,JACK-E4S4-INDUSTRIALOVERLOCKMACHINE,Jack E4S-4 Direct-Drive 4-Thread Overlock Sewing Machine Complete Set,Jack,Industrial Sewing Machine,Industrial Sewing Machine,1,63.5,125,60,15,0,60,120,55,105,Differential Feed,514,,,5500,Direct-Drive Servo,110V,E4S4,,"[""Needle System: DCx27"",""Presser Foot System: Jack Overlock Series"",""Compatible with standard industrial sewing machine tables""]",https://mysewingmall.com/products/jack-e4s-4-thread-overlock-machine,https://www.jack-sewing.com/wp-content/leaflets/E4S.pdf,2025-12-28T16:50:27.369Z,2025-12-28T16:50:27.369Z
158,SEIKO-LSWN8BL3-INDUSTRIALWALKINGFOOT,"Seiko LSWN-8BL-3 High speed, Large vertical axis hook, Reverse stitch, Compound feed Walking foot, Lockstitch machine Complete Set",Seiko,Industrial Sewing Machine,Industrial Sewing Machine,1,78,125,60,15,0,65,120,55,115,Compound Feed,301 Lockstitch,,,2000,Servo Motor,220V,LSWN8BL3,,"[""Juki LU-1508N Series"",""Consew 206RB Series"",""Brother B837 Series""]",https://mysewingmall.com/products/seiko-lswn-8bl-3-high-speed-large-vertical-axis-hook-reverse-stitch-compound-feed-and-walking-foot-lockstitch-machine,https://www.indiasewingmachine.com/images/seiko/LSWN-8BL-3.pdf,2025-12-28T16:51:56.816Z,2025-12-28T16:51:56.816Z
159,SEIKO-LSWN28BL3-WALKINGFOOT,Seiko LSWN-28BL-3 Twin Needle Walking Foot Lockstitch Sewing Machine Complete Set,Seiko,Industrial Sewing Machine,Industrial Sewing Machine,1,85,122,60,70,0,70,120,55,105,"Compound Feed (Needle Feed, Walking Foot, Drop Feed)",301 Lockstitch,,,2000,Servo Motor,220-240V,LSWN28BL3,,"[""Needle System: 135x17 / DPx17"",""Large Capacity Bobbins"",""LSWN Series Walking Feet""]",https://mysewingmall.com/products/seiko-double-needle-high-speed-large-vertical-axis-hook-reverse-stitch-compound-feed-and-walking-foot-lockstitch-machine-complete-set,"https://www.maquinasuniao.com.br/wp-content/themes/maquinas-uniao/catalogos/loop-80/Seiko%20LSWN-28BL-3,%20TA-3.pdf",2025-12-28T16:53:22.364Z,2025-12-28T16:53:22.364Z
160,SEIKO-SLH2BFH1-INDUSTRIALHEAVYDUTY,Seiko SLH-2B-FH-1 Long Arm Extra Heavy Duty Lockstitch Sewing Machine Complete Set,Seiko,Industrial Sewing Machine,Industrial Sewing Machine,1,130,125,65,80,0,110,122,60,110,"Compound Feed (Walking Foot, Drop Feed)",301 Lockstitch,,,800,Servo Motor,220V,SLH2BFH1,,"[""Seiko SLH-2B Series"",""Juki TSC-441 Series"",""Adler 205 Series""]",https://mysewingmall.com/products/seiko-slh-2b-fh-1-single-needle-long-arm-extra-heavy-duty-large-oscillating-shuttle-hook-drop-feed-and-walking-foot-reverse-stitch-lockstitch-machine-complete-set,N/A,2025-12-28T16:55:04.169Z,2025-12-28T16:55:04.169Z
161,SEIKO-SLH2BFH1BTFL-INDUSTRIAL,"Seiko SLH-2B-FH-1-BTFL Single needle, Long arm, Extra heavy duty, Large oscillating shuttle hook, Drop feed and walking foot, Reverse stitch, Lockstitch machine",Seiko,Industrial Sewing Machine,Industrial Sewing Machine,1,68,80,35,50,0,60,80,25,40,Compound Feed (Walking Foot and Drop Feed),301 Lockstitch,1,1,800,Servo Motor (External),220V,SLH2BFH1BTFL,,"[""Needle System: DYx3"",""Bobbin Style: Large Oscillating Shuttle Hook"",""Presser Foot Style: Seiko SLH-2B Series Walking Foot""]",https://mysewingmall.com/products/seiko-slh-2b-fh-1-btfl-single-needle-long-arm-extra-heavy-duty-large-oscillating-shuttle-hook-drop-feed-and-walking-foot-reverse-stitch-lockstitch-machines,N/A,2025-12-28T16:56:21.061Z,2025-12-28T16:56:21.061Z
162,SEIKO-LCWN8BL-INDUSTRIAL,"Seiko LCWN-8BL High speed, Cylinder bed, Large Vertical axis hook, Compound feed Compound feed and walking foot, Reverse stitch, Lockstitch machine",Seiko,Industrial Sewing Machine,Industrial Sewing Machine,1,38,65,30,45,0,35,58,25,40,"Compound Feed (Needle Feed, Walking Foot)",301 Lockstitch,,,2200,External Servo Motor,220V,LCWN8BL,,"[""Needle System: 135x17 / DPx17"",""Bobbin Style: Large Capacity Vertical Axis"",""Presser Foot Mount: Standard Walking Foot""]",https://mysewingmall.com/products/seiko-lcwn-8bl-high-speed-cylinder-bed-large-vertical-axis-hook-compound-feed-compound-feed-and-walking-foot-reverse-stitch-lockstitch-machines,https://www.seiko-sewing.co.jp/en/wp-content/uploads/sites/2/2017/02/lf_LCWN_single_needle_series.pdf,2025-12-28T16:57:39.536Z,2025-12-28T16:57:39.536Z
163,SEIKO-BBWP8BL-POSTBEDWALKINGFOOTLOCKSTITCHSEWINGMACHINECOMPLETESET,Seiko BBWP-8BL Post Bed Walking Foot Lockstitch Sewing Machine Complete Set,Seiko,Industrial Sewing Machine,Industrial Sewing Machine,1,75,122,56,65,0,35,60,25,50,"Triple Feed (Walking Foot, Needle Feed, Feed Dog)",301 Lockstitch,0,0,2500,Servo Motor,110V,BBWP8BL,,"[""Needle System: DPx17"",""Bobbin Style: M"",""Walking Foot for Post Bed Machines""]",https://mysewingmall.com/products/seiko-bbwp-8bl-high-speed-post-bed-compound-feed-and-walking-foot-large-vertical-axis-hook-reverse-stitch-lockstitch-machines-complete-set,N/A,2025-12-28T16:59:00.728Z,2025-12-28T16:59:00.728Z
164,SEIKO-BBWP28BL-INDUSTRIALSEWINGMACHINE,"Seiko BBWP-28BL Double Needle High speed, Post bed, Compound feed and walking foot, Large vertical axis hook, Reverse stitch, Lockstitch machine",Seiko,Industrial Sewing Machine,Industrial Sewing Machine,1,53,68,38,63,0,48,60,30,55,"Compound Feed (Needle Feed, Walking Foot)",301 Lockstitch,,,2000,Servo Motor,220-240V,BBWP28BL,,"[""Needle System: DPx17"",""Bobbin Type: Large Capacity Vertical Hook"",""Foot Type: Post Bed Walking Foot""]",https://mysewingmall.com/products/seiko-bbwp-28bl-double-needle-high-speed-post-bed-compound-feed-and-walking-foot-large-vertical-axis-hook-reverse-stitch-lockstitch-machines,N/A,2025-12-28T17:00:21.731Z,2025-12-28T17:00:21.731Z
165,RICOMA-REVELDTF2402T-DIRECTTOFILMTRANSFERPRINTERHEATPRESSPURIFIERPACKAGE,Ricoma Revel DTF-2402T Direct-to-Film Transfer Printer Heat Press Purifier Package,Ricoma,Industrial Sewing Machine,Industrial Sewing Machine,1,550,175,120,125,0,450,190,110,110,,,,,,Servo,220V,,,[],https://mysewingmall.com/products/ricoma-revel-dtf-2402t-direct-to-film-transfer-printer-heat-press-purifier-package,N/A,2025-12-28T17:01:46.302Z,2025-12-28T17:01:46.302Z
166,RICOMA-VISION-2-DIGITAL-DIRECT-TO-GARMENT-PRINTER,Ricoma Vision 2 - Digital Direct-To-Garment Printer,RICOMA,Embroidery Machine,Embroidery Machine,1,120.2,111.8,96.5,76.2,0,79.8,85.1,78,54.6,,,0,1,,,110V/220V,,,[],https://mysewingmall.com/products/ricoma-vision-2-digital-direct-to-garment-printer,N/A,2025-12-28T17:03:20.289Z,2025-12-28T17:03:20.289Z
167,RICOMA-RCM-1501TC-10S-INDUSTRIAL,Ricoma SwiftXL Embroidery Machine,Ricoma,Embroidery Machine,Embroidery Machine,1,145,115,95,110,0,90,73.2,82.8,85.1,Pantograph,Lockstitch (ISO 301),15,1,1200,Servo Motor,110V/220V,RCM1501TC10S,,"[""Ricoma TC Series Hoops"",""Ricoma TC Series Cap Driver"",""Needle System DBxK5""]",https://mysewingmall.com/products/ricoma-rcm-1501tc-10s-embroidery-machine,https://creativenotions.co.za/files/RCM1501TC-7S%20Embroidery%20Machine%20Manual.pdf?srsltid=AfmBOopE40qYATmHRGblOcIxk1ZXLgdNLzxaiJMP0_ohRuGP43WoILMn,2025-12-28T17:04:56.911Z,2025-12-28T17:04:56.911Z
168,RICOMA-1201TC10S12NEEDLE-COMMERCIALEMBROIDERYMACHINE,Ricoma 1201 TC 10S 12-Needle Commercial Embroidery Machine,Ricoma,Embroidery Machine,Embroidery Machine,1,130,115,95,118,0,90,79,75,84.5,Pantograph,Lockstitch,12,1,1200,Servo Motor,100-240V,RCM-1201TC-10S,Light Ball Point,"[""Needle System: DBxK5"",""Bobbin Type: L-Style"",""Hoop System: Ricoma Commercial Mount""]",https://mysewingmall.com/products/ricoma-rcm-1201tc-10s-embroidery-machine,N/A,2025-12-28T17:06:27.543Z,2025-12-28T17:06:27.543Z
169,RICOMA-RCM2001TC10S-COMMERCIALEMBROIDERYMACHINE,"Marquee 20-Needle Commercial Embroidery Machine with 10.1"" Touchscreen Panel",Ricoma,Embroidery Machine,Embroidery Machine,1,150,101.6,88.9,104.1,0,110,83,76,90,,Lockstitch,20,1,1200,Servo Motor,110V/220V,RCM2001TC10S,,[],https://mysewingmall.com/products/ricoma-rcm-2001tc-10s-embroidery-machine,N/A,2025-12-28T17:07:56.129Z,2025-12-28T17:07:56.129Z
170,MEIFU-601900X600-INDUSTRIAL-3IN-1-MACHINE,"MEIFU Triple Combination Perforation, Sewing and Embroidery 3-in-1 Machine",MEIFU,Industrial Sewing Machine,Industrial Sewing Machine,1,550,165,125,165,0,480,140,100,150,Pantograph / Drop Feed,Lockstitch (Type 301),6,1,1000,Servo,220V/380V,MEIFUMFCEP601900X600,,"[""Needle System: DBx1"",""Bobbin Type: L-style"",""Foot Type: Industrial High-Shank""]",https://mysewingmall.com/products/meifu-mfce-pse-601-900x600-perforation-sewing-and-embroidery-machine-3-in-1,N/A,2025-12-28T17:09:37.711Z,2025-12-28T17:09:37.711Z
171,MEIFU-MFCEPSE1191200RS360-INDUSTRIALUPHOLSTERYMACHINERY,MEIFU Triple Combination 360 Rotary Rotating Head Sewing Embroidery Special Hole Punching Machine,MEIFU,Industrial Sewing Machine,Industrial Sewing Machine,1,1000,220,200,180,0,850,200,180,160,Gantry System / Bridge Type,301 Lockstitch,9,1,2500,Direct Drive Servo Motor,220V,MFCEPSE1191200RS360,,[],https://mysewingmall.com/products/meifu-mfce-pse-1-9-1200x800-rs360-rotary-rotating-head-sewing-embroidery-rotary-punching-machine,N/A,2025-12-28T17:11:09.661Z,2025-12-28T17:11:09.661Z
172,EISENKOLB-EPS2200-SEMI-AUTOMATIC-SINGLE-PLEATING-AND-MICROFLEX-HOOK-INSERTION-MACHINE,Eisenkolb EPS-2200 Semi-Automatic Single Pleating and Microflex Hook Insertion Machine,Eisenkolb,Industrial Sewing Machine,Industrial Sewing Machine,1,216,145,95,155,0,180,130,80,140,,,,,,Servo Motor,220-240V,EPS2200,,[],https://mysewingmall.com/products/eisenkolb-eps-2200-semi-automatic-single-pleating-and-microflex-hook-insertion-machine,https://exhibitorsearch.messefrankfurt.com/images/original/mics/10000000202301/0010808750/1667403505936_2198197494.pdf,2025-12-28T17:12:38.444Z,2025-12-28T17:12:38.444Z
173,EISENKOLB-MPS2600-CURTAINMACHINERY,Eisenkolb MPS-2600 Automatic Single Double Pleating and Microflex Hook Insertion Machine,Eisenkolb,Industrial Sewing Machine,Industrial Sewing Machine,1,450,280,120,180,0,350,260,100,160,Automated Pneumatic Feed,101 (Single Thread Chainstitch),,,,Servo Motor,220-240V,MPS2600,,"[""Microflex Hook System"",""Curtain and Drapery Fabrics"",""Eisenkolb Curtain Production Line Systems""]",https://mysewingmall.com/products/eisenkolb-mps-2600-automatic-single-double-pleating-and-microflex-hook-insertion-machine,https://exhibitorsearch.messefrankfurt.com/images/original/mics/10000000202301/0010808750/1667403505936_2198197494.pdf,2025-12-28T17:13:57.843Z,2025-12-28T17:13:57.843Z
174,EISENKOLB-PPS2300-CURTAINMACHINERY,Eisenkolb PPS-2300 Fully Automatic Single Double Triple Pleating and Microflex Hook Insertion Machine,Eisenkolb,Industrial Sewing Machine,Industrial Sewing Machine,1,520,245,135,175,0,450,230,120,160,Automated Fabric Transport,,,,,Servo,230V,PPS2300,,[],https://mysewingmall.com/products/eisenkolb-pps-2300-fully-automatic-single-double-triple-pleating-and-microflex-hook-insertion-machine,https://exhibitorsearch.messefrankfurt.com/images/original/mics/10000000202301/0010808750/1667403613449_1424594831.pdf,2025-12-28T17:15:23.669Z,2025-12-28T17:15:23.669Z
175,EISENKOLB-AGA2300-CURTAINHEIGHTCUTTINGMACHINE,Eisenkolb AGA-2300 Automatic Vertical Curtain Height Cutting Machine,Eisenkolb,Industrial Sewing Machine,Industrial Sewing Machine,1,525,440,120,420,0,450,420,100,400,,,,,,Servo,230V,AGA2300,,[],https://mysewingmall.com/products/eisenkolb-aga-2300-automatic-vertical-curtain-height-cutting-machine,https://www.maugin-sas.com/media/mu_aga2300st__007841100_1721_24052016.pdf,2025-12-28T17:16:48.640Z,2025-12-28T17:16:48.640Z
176,EISENKOLB-AGA2300ST-VERTICALCURTAINHEIGHTCUTTINGMACHINE,Eisenkolb AGA-2300ST Automatic Vertical Curtain Height Cutting Machine with Foldout Slanted Worktable,Eisenkolb,Industrial Cutting Machine,Industrial Cutting Machine,1,,,,,0,350,420,100,400,,,,,,Servo,230,AGA2300ST,,N/A,https://mysewingmall.com/products/eisenkolb-aga-2300st-automatic-vertical-curtain-height-cutting-machine-with-foldout-slanted-worktable,https://www.maugin-sas.com/media/mu_aga2300st__007841100_1721_24052016.pdf,2025-12-28T17:18:11.525Z,2025-12-28T17:18:11.525Z
177,EISENKOLB-PLS2300-INDUSTRIALLASERCUTTINGSYSTEM,Eisenkolb PLS-2300 Programmable X-Y Laser Cutting and Marking System,Eisenkolb,Industrial Sewing Machine,Industrial Sewing Machine,1,920,330,220,180,0,800,310,200,160,X-Y Gantry,,,,,Servo Motor,400V,PLS2300,,[],https://mysewingmall.com/products/eisenkolb-pls-2300-programmable-x-y-laser-cutting-and-marking-system,https://exhibitorsearch.messefrankfurt.com/images/original/mics/10000000202301/0010808750/1667403505936_2198197494.pdf,2025-12-28T17:19:45.034Z,2025-12-28T17:19:45.034Z
178,EISENKOLB-PCS3000-PROGRAMMABLE-X-Y-UNIVERSAL-BLIND-CUTTING-TABLE,Eisenkolb PCS-3000 Programmable X-Y Universal Blind Cutting Table,Eisenkolb,Industrial Cutting Machine,Industrial Cutting Machine,1,800,400,400,110,0,650,380,380,90,,,,,,Servo,230V,PCS3000,,[],https://mysewingmall.com/products/eisenkolb-pcs-3000-programmable-x-y-universal-blind-cutting-table,https://exhibitorsearch.messefrankfurt.com/images/original/mics/10000000202301/0010808750/1667403505936_2198197494.pdf,2025-12-28T17:21:07.694Z,2025-12-28T17:21:07.694Z
179,EISENKOLB-CCS2300-INDUSTRIAL,Eisenkolb CCS-2300 Automatic Fabric Inspection and Cutting Machine,Eisenkolb,Industrial Fabric Cutting Machine,Industrial Fabric Cutting Machine,1,550,220,320,170,0,450,200,300,150,Roller Feed,,,,,AC Servo,380V,CCS2300,,[],https://mysewingmall.com/products/eisenkolb-ccs-2300-automatic-fabric-inspection-and-cutting-machine,https://exhibitorsearch.messefrankfurt.com/images/original/mics/10000000202301/0010808750/1667403505936_2198197494.pdf,2025-12-28T17:22:52.427Z,2025-12-28T17:22:52.427Z
180,EISENKOLB-CCP2300-LOCKSTITCHCONVEYORCURTAINSEWINGMACHINE,Eisenkolb CCP-2300 Lock Stitch Conveyor Curtain Sewing Machine,Eisenkolb,Industrial Sewing Machine,Industrial Sewing Machine,1,550,620,200,170,0,450,600,180,150,Conveyor Belt Feed with Puller,301 Lockstitch,,,4000,Servo Motor,220-240V,CCP2300,,"[""Eisenkolb CCP Series Automated Workstations""]",https://mysewingmall.com/products/eisenkolb-ccp-2300-lock-stitch-conveyor-curtain-sewing-machine,https://exhibitorsearch.messefrankfurt.com/images/original/mics/10000000202301/0010808750/1667403505936_2198197494.pdf,2025-12-28T17:24:37.357Z,2025-12-28T17:24:37.357Z
181,EISENKOLB-ACP2300-OVERLOCKSTITCHCONVEYORCURTAINSEWINGMACHINE,Eisenkolb ACP-2300 Overlock Stitch Conveyor Curtain Sewing Machine,Eisenkolb,Industrial Sewing Machine,Industrial Sewing Machine,1,450,620,200,170,0,400,600,180,150,Conveyor Belt Feed,Overlock,,,,Servo Motor,220V,ACP2300,,"[""Needle System: B-27 (DCx27)"",""Industrial Overlock Presser Feet"",""Industrial Overlock Loopers & Knives""]",https://mysewingmall.com/products/eisenkolb-acp-2300-overlock-stitch-conveyor-curtain-sewing-machine,https://exhibitorsearch.messefrankfurt.com/images/original/mics/10000000202301/0010808750/1667403505936_2198197494.pdf,2025-12-28T17:26:14.955Z,2025-12-28T17:26:14.955Z
182,EISENKOLB-BCP2300-BLINDSTITCHCONVEYORCURTAINSEWINGMACHINE,Eisenkolb BCP-2300 Blind Stitch Conveyor Curtain Sewing Machine,Eisenkolb,Industrial Sewing Machine,Industrial Sewing Machine,1,550,620,170,200,0,450,600,150,180,Conveyor Belt Feed,Blind Stitch (103),,,2500,Direct Drive Servo Motor,220V,BCP2300,,"[""Needle System: LWx6T"",""Bobbin: N/A (Looper-based)"",""Foot: Specialized Integrated Foot""]",https://mysewingmall.com/products/eisenkolb-bcp-2300-blind-stitch-conveyor-curtain-sewing-machine,https://exhibitorsearch.messefrankfurt.com/images/original/mics/10000000202301/0010808750/1667403505936_2198197494.pdf,2025-12-28T17:27:46.993Z,2025-12-28T17:27:46.993Z
183,EISENKOLB-DCP2300-DOUBLE-NEEDLE-CONVEYOR-CURTAIN-SEWING-MACHINE,Eisenkolb DCP-2300 Double Needle Conveyor Curtain Sewing Machine,Eisenkolb,Industrial Sewing Machine,Industrial Sewing Machine,1,420,420,170,150,0,350,400,150,130,Conveyor Belt Feed,301 (Double Needle Lockstitch),,,3000,Servo Motor,220V,DCP2300,,"[""Needle System: DPx5"",""Bobbin: Large Capacity Industrial"",""Foot Type: Double Needle Presser Foot""]",https://mysewingmall.com/products/eisenkolb-bcp-2300-blind-stitch-conveyor-curtain-sewing-machine-copy,https://www.elizabethmachines.com.au/documents/Eisenkolb%20DCP-2300%20Series%20Brochure.pdf,2025-12-28T17:29:23.705Z,2025-12-28T17:29:23.705Z
184,EISENKOLB-XCP3000-INTERCHANGEABLE-MULTI-SEWING-UNIT-CONVEYOR-MACHINE,Eisenkolb XCP-3000 Interchangeable Multi-Sewing Unit Conveyor Machine,Eisenkolb,Automated Industrial Sewing System,Automated Industrial Sewing System,1,520,420,140,160,0,450,400,120,140,Conveyor Feed,Variable (Interchangeable Head),,,,Servo Motor,380-400V (3-Phase),XCP3000,,"[""Industrial Lockstitch Sewing Heads"",""Industrial Overlock Sewing Heads"",""Industrial Chainstitch Sewing Heads""]",https://mysewingmall.com/products/eisenkolb-xcp-3000-interchangeable-multi-sewing-unit-conveyor-machine,https://exhibitorsearch.messefrankfurt.com/images/original/mics/10000000202301/0010808750/1667403505936_2198197494.pdf,2025-12-28T17:31:02.891Z,2025-12-28T17:31:02.891Z
185,MSM-2250,Jack F6 Direct-Drive Industrial Lockstitch Sewing Machine Complete Set,Jack,Industrial Sewing Machine,Industrial Sewing Machine,1,78,125,60,45,0,65,120,55,115,Drop Feed,301 Lockstitch,,,5000,Direct-Drive Servo,220V,,,"[""Needle System: DBx1"",""Bobbin: Industrial #270010"",""Presser Foot: High-Shank Industrial""]",https://mysewingmall.com/products/jack-f6-direct-drive-lockstitch-industrial-sewing-machine-complete-set,https://krung.ru/upload/iblock/160/lthoqz11nvervzd5nfriaspch3ay2pk4/a6d61e99651f401123c7777a7df25bb2.pdf?srsltid=AfmBOor5QPJLW88cCHDjAWc3ciB1fpGcdpko9ZRvLC3u3zmv3Wy_SrJP,2026-01-03T20:02:18.781Z,2026-01-03T20:02:18.781Z
186,EISENKOLB-ATS2400-Industrial,Eisenkolb ATS-2400 Automatic Roman Blinds Pocket Tape Stitching Machine,Eisenkolb,Industrial Sewing Machine,Industrial Sewing Machine,1,385,360,150,160,0,350,340,130,140,Puller Feed,2-Needle Chain Stitch,,,,Servo Motor,230V,ATS2400,,[],https://mysewingmall.com/products/eisenkolb-ats-2400-automatic-roman-blinds-tunnel-stitching-machine,https://exhibitorsearch.messefrankfurt.com/images/original/mics/10000000202301/0010808750/1667403505936_2198197494.pdf,2026-01-22T20:01:51.860Z,2026-01-22T20:01:51.860Z
187,EISENKOLB-ATS2400-INDUSTRIAL,Eisenkolb ATS-2400 Automatic Roman Blinds Tunnel Stitching Machine,Eisenkolb,Industrial Sewing Machine,Industrial Sewing Machine,1,,,,,0,350,400,120,130,Puller Feed,Chain Stitch,,,2400,Servo Motor,230V,ATS2400,,"[""Needle System: 4117"",""Bobbin: Not Applicable (Chainstitch)"",""Foot Type: Specialized""]",https://mysewingmall.com/products/eisenkolb-ats-2400-automatic-roman-blinds-tunnel-stitching-machine-1,https://www.maugin-sas.com/media/mu_ats2400__007331200_1721_24052016.pdf,2026-01-22T20:03:37.053Z,2026-01-22T20:03:37.053Z
188,EISENKOLB-HYPROFLEXHIGH-PRECISION-HYDRAULIC-PUNCHING-AND-EYELET-PRESSING-MACHINE-INDUSTRIAL,Eisenkolb Hyproflex High-Precision Hydraulic Punching and Eyelet Pressing Machine,Eisenkolb,Industrial Sewing Machine,Industrial Sewing Machine,1,280,120,100,175,0,250,100,80,160,Manual Positioning,,0,0,,AC Induction Motor (Hydraulic Pump),400V (3-Phase),,,"[""Eisenkolb Hyproflex Series Punching Tools"",""Eisenkolb Hyproflex Series Eyelet Dies"",""Standard Industrial Curtain Eyelets""]",https://mysewingmall.com/products/eisenkolb-hyproflex-hydraulic-simultaneously-punching-and-eyelet-pressing-machine,http://apparelresources.com/wp-content/uploads/woocommerce_uploads/2016/02/stitchworld-february-2016.pdf,2026-01-22T20:05:16.606Z,2026-01-22T20:05:16.606Z
189,EISENKOLB-RTM-3000-HIGH-EFFICIENCY-ROMAN-BLIND-RING-ATTACHING-MACHINE,Eisenkolb RTM-3000 High-Efficiency Roman Blind Ring Attaching Machine,Eisenkolb,Industrial Sewing Machine,Industrial Sewing Machine,1,125,135,95,135,0,100,120,80,120,Manual Feed,101 (Single Thread Chain Stitch),,,2000,Servo Motor,230V,RTM3000,,[],https://mysewingmall.com/products/eisenkolb-rtm-3000-roman-blind-ring-attaching-machine,N/A,2026-01-22T20:06:56.615Z,2026-01-22T20:06:56.615Z
190,EISENKOLB-DEKO2000-CURTAINIRONINGTABLE,Eisenkolb DEKO-2000 Professional Curtain Ironing Table with Rotating Surface and Steam Suction,Eisenkolb,Accessory,Accessory,1,250,210,110,100,0,220,200,100,90,,,,,,AC Motor,400V 3-Phase,DEKO2000,,"[""Curtain Manufacturing Lines"",""Professional Textile Finishing"",""Large-Format Garment Pressing""]",https://mysewingmall.com/products/eisenkolb-deko-2000-curtain-ironing-table-with-pre-heated-rotating-surface-and-steam-suction,https://exhibitorsearch.messefrankfurt.com/images/original/mics/10000000202301/0010808750/1667403505936_2198197494.pdf,2026-01-22T20:08:34.134Z,2026-01-22T20:08:34.134Z
191,JANOME-1522PG-DOMESTIC,Janome Mechanical Sewing Machine 1522PG,Janome,Home Sewing Machine,Home Sewing Machine,1,7.5,48,23,35,0,6,42,17,29.5,Drop Feed,301 Lockstitch,0,0,860,Internal AC Motor,220-240V,1522PG,,"[""Needle System: 130/705 H"",""Bobbin Type: Janome Class 15J"",""Foot Type: Janome Snap-On""]",https://mysewingmall.com/products/janome-mechanical-sewing-machine-1522pg,https://www.janome.com/wp-content/uploads/2024/01/ins-book-1522.pdf,2026-01-22T20:09:58.257Z,2026-01-22T20:09:58.257Z
192,JACK-M9SSF13X-INDUSTRIAL,Jack M9-SS-F13-X 360 Rotating Head Pattern Sewing Machine,Jack,Industrial Sewing Machine,Industrial Sewing Machine,1,130,100,80,75,0,75,80,60,55,Programmable Intermittent Feed,301 Lockstitch,,,2700,Direct Drive Servo,220V,M9SSF13X,,"[""Needle System: DPx17"",""Bobbin: Large Capacity Industrial"",""Work Holding: Proprietary Template Clamp System""]",https://mysewingmall.com/products/jack-m9-anti-thread-breakage-template-machine-pattern-sewer,N/A,2026-01-22T20:11:37.196Z,2026-01-22T20:11:37.196Z
193,JANOME-DKS100-WALKINGFOOT,Walking Foot For Janome DKS100,Janome,Accessory / Consumable,Accessory / Consumable,1,0.15,10,6,5,0,0.1,8,4,4,Walking Foot / Even Feed,,,,,,,,,"[""Janome DKS100"",""Janome DKS30"",""Janome Atelier 5"",""Janome DC6030""]",https://mysewingmall.com/products/walking-foot-for-janome-dks100,https://www.janome.com/wp-content/uploads/2016/10/81200dc_en-mod-200-instr-manual.pdf,2026-01-22T20:12:48.226Z,2026-01-22T20:12:48.226Z
194,MSM-54825,JUKI DDL-5550N H Industrial Heavy-Weight Lockstitch Sewing Machine Complete Set,Juki,Industrial Sewing Machine,Industrial Sewing Machine,1,85,120,80,70,0,60,120,55,110,Drop Feed,301 Lockstitch,,,4000,DC Servo Motor,110V,DDL5550NH,,"[""Needle System: DBx1 (16x231, 1738)"",""Bobbin Type: Standard Industrial (Juki #B9117-012-000)"",""Presser Foot Mount: High-Shank Industrial""]",https://mysewingmall.com/products/juki-ddl-5550n-h-lockstitch-sewing-machine-complete-set,"https://www.goldstartool.com/img/27_20210611100933JUKI%20DDL-5550N-7,%20DDL-5550-7+Instruction+Manual(+29117504)+No.00.pdf",2026-01-22T20:14:38.154Z,2026-01-22T20:14:38.154Z
195,JANOME-M100QDC-DOMESTIC,Janome M100 QDC Sewing Machine,Janome,Home Sewing Machine,Home Sewing Machine,1,8.4,51,28,40,0,6.4,40.6,17.7,30.2,Drop Feed,Lockstitch (301),,,820,DC Servo Motor,220-240V,M100QDC,,"[""Needle System: 130/705 H"",""Bobbin Type: Janome J (Plastic)"",""Foot Type: Janome Snap-On (7mm)""]",https://mysewingmall.com/products/janome-m100-qdc-sewing-machine,https://www.janome.com/wp-content/uploads/2024/01/inst-book-m100qdc-eng-jca.compressed.pdf,2026-01-22T20:16:15.541Z,2026-01-22T20:16:15.541Z